id,seed,stimulus,UEQ_1,UEQ_2,UEQ_3,UEQ_4,UEQ_5,UEQ_6,UEQ_7,UEQ_8
14,1886876404,Power BI,5,4,4,5,4,5,4,4
18,823070095,Tableau,4,6,4,5,3,3,5,2
23,113523666,JMP,7,6,7,6,7,7,7,7
24,675873429,Qlik,7,7,7,7,7,7,4,5
25,886668237,Tableau,5,3,2,4,6,5,1,1
26,1684659697,Tableau,7,6,7,7,5,6,5,5
28,853748090,Power BI,5,3,4,5,2,3,1,1
11,1067977115,Superset,3,2,4,3,4,4,5,3
16,1509533776,AnGraVis,7,6,4,6,6,5,5,3
17,320709478,Power BI,6,5,6,5,5,7,4,3
21,1619005980,Tableau,6,7,7,6,5,5,7,6
22,1215486064,Tableau,7,6,6,6,5,7,4,3
24,381776477,Gephi,5,2,5,4,6,5,5,5
26,1436526393,Tableau,5,4,7,5,6,6,7,6
27,801069651,Tableau,6,4,6,5,6,7,4,4
28,1452448240,Tableau,5,7,5,6,5,7,4,3
32,978948372,Tableau,7,6,6,5,6,7,4,1
34,1205869978,Tableau,6,2,4,3,4,5,6,5
37,1339673230,NVivo/SPSS,5,5,5,5,2,2,2,2
38,1766729781,Tableau,7,6,6,6,5,5,3,3
39,1200459716,Excel,5,5,4,6,1,1,1,1
41,2131585415,Power BI,5,5,6,4,4,4,4,4
42,1294407334,Power BI,4,6,7,6,5,5,5,4
45,1882719274,Tableau,5,6,6,6,5,5,6,3
46,997895869,Data Studio,7,6,6,6,6,6,5,4
48,859134234,Excel,3,1,6,4,4,4,1,1
51,932944878,Power BI,5,5,5,5,5,5,3,3
52,284370096,Tableau,4,2,5,2,6,6,4,4
54,2143177834,Gephi,7,3,7,2,6,6,2,2
60,1915820641,Power BI,6,3,6,4,6,6,7,5
64,1525435672,Tableau,4,5,6,3,5,6,7,7
66,37513846,Streamlit,6,6,5,6,5,6,5,5
67,1563334965,Tableau,5,5,6,5,6,6,5,4
70,368349023,Quick Sight,6,6,6,5,2,5,2,2
74,1748214382,Power BI,5,6,7,6,6,6,5,2
7,716877815,Power BI,6,4,6,6,4,5,6,3
14,1845262647,Power BI,4,6,6,6,4,4,5,6
15,1211989598,Power BI,6,4,6,4,5,7,5,5
16,1335867889,Power BI,6,2,7,3,5,5,6,5
22,994653189,Tableau,3,2,5,2,5,6,5,5
28,553357237,Gephi,7,2,6,6,7,7,7,5
37,456879119,Power BI,7,7,6,6,6,7,6,6
42,1122402820,Power BI,7,7,7,7,7,7,7,7
44,1564399477,Data Studio,7,7,6,7,7,7,6,7
46,1615005964,Tableau,6,6,6,6,6,6,6,5
55,1093865409,Power BI,7,7,7,5,6,3,1,5
58,400273160,Tally ERP,7,6,7,7,6,7,4,5
59,1315070696,Tableau,6,5,7,6,5,3,4,5
60,874906764,Power BI,7,7,7,7,6,7,7,6
61,1359875422,Power BI,6,6,6,6,6,6,6,6
62,1403896802,Power BI,5,6,5,5,4,5,2,2
63,874843302,Power BI,6,6,6,6,7,7,6,6
64,900224914,Tableau,7,7,7,7,7,7,7,7
65,1124991437,Excel,7,7,6,6,7,5,3,2
66,1140281166,Tableau,7,5,7,5,7,6,5,5
70,1396563841,Power BI,3,3,3,3,4,5,3,4
80,1883087916,Power BI,6,4,6,2,3,5,6,4
83,1741448893,Power BI,6,5,6,6,4,5,4,4
84,688255865,Quick Sight,6,5,5,4,6,6,5,6
86,1318990432,Power BI,6,4,6,5,4,5,5,5
88,698819494,Power BI,5,3,4,4,5,5,5,6
91,918544591,Tableau,7,6,7,7,7,7,6,7
92,553805631,Power BI,7,7,7,7,7,7,7,7
95,2110824156,Power BI,6,6,6,6,5,5,5,5
96,1803798191,Power BI,6,5,6,5,6,6,2,6
98,160325607,Power BI,6,5,7,6,5,6,6,6
101,596948835,Tableau,6,6,6,7,7,6,6,6
102,381177351,Power BI,7,4,7,6,7,7,6,4
107,896039418,Power BI,6,6,7,6,5,6,5,5
113,1576002137,Power BI,7,6,7,6,6,7,6,6
118,1089403654,Tableau,6,6,6,6,5,6,6,6
119,1714315212,Power BI,7,6,7,6,7,7,6,6
122,457056357,Power BI,4,3,5,4,3,4,2,3
123,1660664264,Power BI,5,3,3,2,1,2,2,4
124,1583341806,Power BI,5,4,7,3,6,5,4,6
129,2136415170,Power BI,7,6,7,6,5,6,6,6
130,2126977592,Power BI,5,5,6,5,4,5,6,6
133,85274297,Power BI,7,6,7,7,4,5,5,6
136,894914305,Power BI,6,5,6,5,7,7,4,5
138,1930997507,Data Studio,7,7,7,7,7,7,7,7
145,1530389380,Power BI,6,5,6,6,7,7,7,6
146,539459298,Power BI,6,5,7,7,7,7,7,5
147,1647639038,Excel,6,7,6,7,4,4,4,4
148,1654473888,Power BI,6,6,6,7,5,7,6,6
156,1046282114,Power BI,5,5,5,5,3,3,4,4
159,1355940705,Data Studio,5,4,6,6,6,6,5,4
161,7549886,Power BI,7,6,7,6,5,6,4,5
164,1002747943,Tableau,6,6,7,6,6,6,4,5
165,1066929673,Qlik,6,5,6,7,1,6,6,4
200,529791368,Quick Sight,7,7,7,7,7,7,1,1
203,1815598325,Tableau,7,7,7,7,6,7,7,7
213,248908595,Data Studio,5,4,6,5,5,7,5,5
215,600413626,Tableau,7,6,7,7,7,7,7,7
218,1486961530,Data Studio,6,6,6,7,4,6,6,3
219,1200836915,Tableau,5,5,5,3,5,6,4,5
223,1090871892,JMP,7,7,7,7,7,7,7,7
224,865186315,Data Studio,7,7,6,7,6,6,6,5
236,974692653,Tableau,5,6,6,5,5,7,6,5
243,1788360479,Data Studio,6,6,7,6,5,4,4,5
253,1870707804,Datawrapper,6,6,6,7,5,5,5,2
262,126901897,Tableau,6,6,6,6,7,7,5,6
264,796883701,Tableau,6,6,7,6,7,7,6,7
268,435668131,Tableau,6,5,6,6,5,6,5,5
273,388616482,Tableau,4,6,5,4,5,5,6,6
292,1939793210,Data Studio,6,4,5,3,4,7,5,7
299,444273974,Data Studio,7,5,7,5,4,5,3,3
302,47087977,Data Studio,5,3,5,5,4,6,4,5
304,97089834,Tableau,6,5,7,5,4,4,6,5
311,579571523,Data Studio,6,5,6,6,5,6,5,4
317,1700667087,Tableau,6,6,6,7,6,5,6,7
318,1148690733,Data Studio,5,6,6,6,3,4,4,4
325,610380954,JMP,6,6,6,7,7,7,2,7
327,1872104363,Tableau,6,7,7,6,6,6,7,7
330,1611042404,Tableau,6,5,5,5,4,6,5,5
334,146944878,Tableau,6,6,5,5,6,6,6,6
335,1281578755,Tableau,6,6,6,6,5,6,5,5
336,1578823638,Data Studio,6,6,6,6,5,5,4,4
341,1521919132,Data Studio,5,5,5,5,5,5,5,5
345,221351431,Gephi,5,3,5,4,6,5,6,6
350,109466946,Data Studio,6,7,7,6,7,7,7,7
355,851076119,Tableau,7,6,7,5,4,6,5,6
368,1624392644,Tableau,7,7,7,7,6,6,5,5
378,487151470,Tableau,5,3,5,4,7,7,5,7
380,1654421527,Talend,6,6,5,6,6,6,5,5
392,865736672,JMP,6,6,5,5,6,6,5,5
394,1725773382,Tableau,6,6,6,6,5,6,5,5
400,1201204871,zerodha,6,6,7,6,5,6,5,5
401,216971323,Data Studio,7,7,7,7,5,7,6,5
414,1801263926,Data Studio,5,5,6,5,5,5,6,6
419,1896443942,Tableau,7,4,5,4,6,6,5,5
427,1635515593,Tableau,6,7,6,6,5,6,5,5
428,413982115,JMP,7,7,7,7,6,6,7,4
451,223782274,Data Studio,7,4,5,2,4,7,7,7
452,1221470694,Data Studio,7,5,7,5,6,6,7,6
453,807734364,Data Studio,7,6,7,6,7,7,7,7
456,758217336,Tableau,6,7,7,7,6,6,7,5
460,1369459962,Tableau,7,7,7,7,7,7,7,7
469,1381115273,Data Studio,6,6,6,6,5,5,4,4
512,894223614,Data Studio,6,5,6,5,6,6,6,5
513,189117829,Data Studio,7,6,7,6,4,5,5,5
521,2091313258,Data Studio,6,6,7,7,7,7,6,6
522,774539036,Data Studio,6,6,6,6,5,6,5,6
526,988229469,Data Studio,6,6,7,6,6,6,6,6
532,1554223344,Data Studio,7,7,6,5,7,6,6,5
542,1374763889,Data Studio,6,5,6,6,4,5,5,5
549,1935445942,Data Studio,6,6,5,6,6,7,6,6
565,289379089,Data Studio,6,5,5,5,6,6,7,6
574,238109360,Data Studio,6,6,5,6,6,5,6,5
579,3864603,Data Studio,5,6,6,6,6,6,5,6
585,1498811728,Data Studio,6,6,6,6,5,5,4,4
594,1890557399,Data Studio,7,7,7,7,7,6,7,6
602,211902995,Data Studio,6,7,5,6,4,4,3,2
606,1883578984,Data Studio,7,7,7,7,7,7,7,7
607,1040020478,Data Studio,6,2,7,1,3,4,1,1
610,1547367062,Data Studio,6,6,6,6,5,5,5,5
615,1122159794,Data Studio,6,4,6,5,6,5,6,5
631,318340710,Data Studio,7,6,6,6,6,7,6,6
644,36508745,Data Studio,4,3,5,3,6,5,3,5
647,1203480258,Data Studio,4,6,5,6,4,5,4,4
655,791843556,Data Studio,6,5,5,6,4,4,3,3
707,2137288286,JMP,3,2,7,3,5,7,2,6
715,1227942323,JMP,7,7,7,7,6,6,4,4
733,2039863733,JMP,3,6,6,5,4,6,7,5
737,1945733875,JMP,6,5,5,5,4,6,3,3
764,1002741528,JMP,7,6,7,6,5,7,6,6
785,2064775461,JMP,5,6,7,5,4,6,4,3
799,509094822,JMP,6,5,6,5,4,5,5,5
810,2123505160,JMP,6,4,5,5,5,4,3,3
823,531938604,JMP,6,6,7,7,7,7,6,5
824,1754629784,JMP,6,7,7,7,6,6,5,5
842,1951200653,JMP,6,6,7,6,5,5,6,6
844,1027312250,JMP,5,5,6,7,4,6,5,5
846,2002307349,JMP,6,4,6,5,5,5,6,6
848,1065024941,JMP,6,5,5,4,6,5,4,5
851,1041499611,JMP,7,6,6,5,5,6,5,5
853,823816863,JMP,7,7,7,7,7,7,7,7
855,760534085,JMP,7,7,7,7,7,7,7,7
856,740673864,JMP,7,6,6,6,5,6,2,2
861,234187413,JMP,7,6,7,7,6,7,7,7
866,114908223,JMP,5,6,6,6,4,5,5,5
868,723167296,JMP,6,5,6,6,5,5,4,5
877,1614260584,JMP,5,5,6,4,5,6,4,5
907,1694026086,JMP,6,5,7,5,3,4,2,3
911,578396068,JMP,6,4,6,6,5,7,4,5
915,1470176034,JMP,7,6,7,7,7,6,6,6
917,892211894,JMP,7,6,6,7,6,6,7,6
949,617056828,JMP,4,2,5,3,4,6,3,5
954,1087705069,JMP,5,5,6,5,6,5,5,4
958,1763030848,JMP,7,6,5,6,3,3,3,4
961,1053269030,JMP,6,6,7,6,5,6,5,5
1004,382762375,JMP,7,6,7,6,5,5,4,6
1005,1090423504,JMP,7,7,7,7,7,7,7,1
1011,251594679,JMP,6,5,5,4,4,5,3,3
1021,1173204791,JMP,7,7,7,7,7,7,7,7
1033,931819519,JMP,7,4,7,5,7,7,7,7
1040,1463523051,JMP,6,5,6,6,7,7,6,4
1078,1284712706,Excel,3,2,3,3,2,1,4,2
1079,1657385912,Excel,6,5,7,3,4,3,4,3
1081,1537520580,Excel,7,7,7,7,7,7,7,7
1084,799717003,Excel,7,7,6,6,5,5,4,3
1087,1688850455,Excel,6,6,7,6,3,4,3,2
1090,1950584027,Excel,6,5,6,6,4,4,2,4
1091,2144449168,Excel,5,7,6,6,5,5,6,5
1092,2129304939,Excel,6,4,7,4,3,3,5,5
1094,388308666,Excel,6,7,7,7,5,6,6,7
1096,1388935098,Excel,6,5,6,4,5,6,6,4
1099,184906911,Excel,5,4,5,5,3,6,4,6
1103,718357415,Excel,6,6,6,6,6,6,2,2
1104,551554932,Excel,6,5,6,5,4,5,5,4
1105,1865131227,Excel,5,4,6,4,5,5,3,4
1107,1842593871,Excel,6,6,6,6,4,5,2,3
1109,1374822522,Excel,7,3,7,7,7,7,7,6
1110,1117509554,Excel,6,5,7,4,5,5,4,6
1116,549706751,Excel,6,5,4,6,6,6,6,6
1117,259862117,Excel,7,7,7,6,6,6,4,4
1118,646517781,Excel,7,6,7,6,7,7,5,4
1119,14649853,Excel,6,6,6,6,4,5,6,5
1121,232187531,Excel,7,7,7,7,7,7,1,7
1122,709666755,Excel,7,5,7,6,6,6,3,4
1126,1614216812,Excel,5,3,7,5,5,6,6,5
1127,15308611,Excel,5,6,4,6,3,5,2,3
1128,580284189,Excel,7,7,7,7,7,7,5,2
1129,617695464,Excel,5,2,6,3,4,4,3,3
1130,1577465896,Excel,5,5,6,5,3,3,1,1
1132,868875017,Excel,5,3,6,6,3,5,4,2
1135,1470007809,Excel,4,5,6,5,5,6,5,5
