item1,item2,r,group1,group2,within_construct,p,n
P064,P301,0.396320233,Cognitive_value,Cognitive_value,TRUE,7.64278654578016e-10,224
P060,P064,0.564632335,Cognitive_value,Cognitive_value,TRUE,2.91917428015139e-20,224
P060,P301,0.523502658,Cognitive_value,Cognitive_value,TRUE,3.67005602808353e-17,224
P027,P064,0.355726566,Cognitive_value,Cognitive_value,TRUE,4.39104490144597e-08,224
P027,P301,0.634998151,Cognitive_value,Cognitive_value,TRUE,1.09105504754391e-26,224
P027,P060,0.481096582,Cognitive_value,Cognitive_value,TRUE,2.23452485869453e-14,224
P064,P088,0.304139181,Cognitive_value,Intuitiveness,FALSE,3.53870513682941e-06,224
P064,P4026A,0.311654249,Cognitive_value,Intuitiveness,FALSE,1.96165907335289e-06,224
P301,P4026A,0.295601253,Cognitive_value,Intuitiveness,FALSE,6.78317102098427e-06,224
P060,P088,0.501321839,Cognitive_value,Intuitiveness,FALSE,1.17276727411951e-15,224
P060,P4026A,0.499632381,Cognitive_value,Intuitiveness,FALSE,1.51144624886631e-15,224
P027,P088,0.485712191,Cognitive_value,Intuitiveness,FALSE,1.16002699136586e-14,224
P027,P4026A,0.411601577,Cognitive_value,Intuitiveness,FALSE,1.4333186000889e-10,224
P064,SUS_1,0.455703936,Cognitive_value,SUS,FALSE,6.93902923373053e-13,224
P064,SUS_2,0.242503647,Cognitive_value,SUS,FALSE,0.000248307,224
P064,SUS_3,0.308446097,Cognitive_value,SUS,FALSE,2.52853219588307e-06,224
P064,SUS_4,0.076023949,Cognitive_value,SUS,FALSE,0.257173498,224
P064,SUS_5,0.260887085,Cognitive_value,SUS,FALSE,7.76947993447441e-05,224
P064,SUS_6,0.033587754,Cognitive_value,SUS,FALSE,0.617058084,224
P064,SUS_7,0.158566419,Cognitive_value,SUS,FALSE,0.01755025,224
P064,SUS_8,0.095690596,Cognitive_value,SUS,FALSE,0.153455777,224
P064,SUS_9,0.248051159,Cognitive_value,SUS,FALSE,0.00017648,224
P064,SUS_10,-0.002228455,Cognitive_value,SUS,FALSE,0.973542286,224
P301,SUS_1,0.545433672,Cognitive_value,SUS,FALSE,9.22476351794869e-19,224
P301,SUS_2,0.224021545,Cognitive_value,SUS,FALSE,0.000732508,224
P301,SUS_3,0.233620955,Cognitive_value,SUS,FALSE,0.000422089,224
P301,SUS_4,0.239563795,Cognitive_value,SUS,FALSE,0.000296622,224
P301,SUS_5,0.322678199,Cognitive_value,SUS,FALSE,8.01381822104292e-07,224
P301,SUS_6,0.240133882,Cognitive_value,SUS,FALSE,0.000286618,224
P301,SUS_7,0.21457333,Cognitive_value,SUS,FALSE,0.001232755,224
P301,SUS_8,0.091557428,Cognitive_value,SUS,FALSE,0.172093005,224
P301,SUS_9,0.35712812,Cognitive_value,SUS,FALSE,3.85294157273355e-08,224
P301,SUS_10,0.111881741,Cognitive_value,SUS,FALSE,0.094845663,224
P060,SUS_1,0.462653215,Cognitive_value,SUS,FALSE,2.78693408022881e-13,224
P060,SUS_2,0.318515828,Cognitive_value,SUS,FALSE,1.1283932763338e-06,224
P060,SUS_3,0.333292907,Cognitive_value,SUS,FALSE,3.27072757351694e-07,224
P060,SUS_4,0.146495523,Cognitive_value,SUS,FALSE,0.028371013,224
P060,SUS_5,0.206296167,Cognitive_value,SUS,FALSE,0.001910921,224
P060,SUS_6,0.126606143,Cognitive_value,SUS,FALSE,0.058506189,224
P060,SUS_7,0.188605585,Cognitive_value,SUS,FALSE,0.004619102,224
P060,SUS_8,0.115904166,Cognitive_value,SUS,FALSE,0.083482526,224
P060,SUS_9,0.362673615,Cognitive_value,SUS,FALSE,2.28267924010793e-08,224
P060,SUS_10,0.181823984,Cognitive_value,SUS,FALSE,0.006355538,224
P027,SUS_1,0.50402097,Cognitive_value,SUS,FALSE,7.79680169241441e-16,224
P027,SUS_2,0.418168713,Cognitive_value,SUS,FALSE,6.79955025846968e-11,224
P027,SUS_3,0.38354502,Cognitive_value,SUS,FALSE,2.90514275751404e-09,224
P027,SUS_4,0.201650812,Cognitive_value,SUS,FALSE,0.002426499,224
P027,SUS_5,0.378972327,Cognitive_value,SUS,FALSE,4.62132027106345e-09,224
P027,SUS_6,0.321152147,Cognitive_value,SUS,FALSE,9.0904931221697e-07,224
P027,SUS_7,0.280916285,Cognitive_value,SUS,FALSE,1.98041846238464e-05,224
P027,SUS_8,0.171096046,Cognitive_value,SUS,FALSE,0.010307211,224
P027,SUS_9,0.373818916,Cognitive_value,SUS,FALSE,7.73152589495571e-09,224
P027,SUS_10,0.117904118,Cognitive_value,SUS,FALSE,0.078255048,224
P064,UEQ_5,0.474729774,Cognitive_value,UEQ_hedonic,FALSE,5.43213765157482e-14,224
P064,UEQ_6,0.531936999,Cognitive_value,UEQ_hedonic,FALSE,9.18651641896165e-18,224
P064,UEQ_7,0.39733241,Cognitive_value,UEQ_hedonic,FALSE,6.85862866782805e-10,224
P064,UEQ_8,0.421621901,Cognitive_value,UEQ_hedonic,FALSE,4.56405908010668e-11,224
P301,UEQ_5,0.363872369,Cognitive_value,UEQ_hedonic,FALSE,2.03576805213018e-08,224
P301,UEQ_6,0.272388321,Cognitive_value,UEQ_hedonic,FALSE,3.59097662138445e-05,224
P301,UEQ_7,0.202153305,Cognitive_value,UEQ_hedonic,FALSE,0.002365187,224
P301,UEQ_8,0.187409726,Cognitive_value,UEQ_hedonic,FALSE,0.004890232,224
P060,UEQ_5,0.49601938,Cognitive_value,UEQ_hedonic,FALSE,2.5881564173979e-15,224
P060,UEQ_6,0.527657503,Cognitive_value,UEQ_hedonic,FALSE,1.86401340248757e-17,224
P060,UEQ_7,0.462226616,Cognitive_value,UEQ_hedonic,FALSE,2.94921068356855e-13,224
P060,UEQ_8,0.481724796,Cognitive_value,UEQ_hedonic,FALSE,2.04495836997716e-14,224
P027,UEQ_5,0.383413115,Cognitive_value,UEQ_hedonic,FALSE,2.94460102117689e-09,224
P027,UEQ_6,0.308006986,Cognitive_value,UEQ_hedonic,FALSE,2.61732413987963e-06,224
P027,UEQ_7,0.209388383,Cognitive_value,UEQ_hedonic,FALSE,0.001625388,224
P027,UEQ_8,0.219993763,Cognitive_value,UEQ_hedonic,FALSE,0.00091693,224
P064,UEQ_1,0.3759864,Cognitive_value,UEQ_pragmatic,FALSE,6.23358882223498e-09,224
P064,UEQ_2,0.200815531,Cognitive_value,UEQ_pragmatic,FALSE,0.002531621,224
P064,UEQ_3,0.311710005,Cognitive_value,UEQ_pragmatic,FALSE,1.95297226839736e-06,224
P064,UEQ_4,0.243270526,Cognitive_value,UEQ_pragmatic,FALSE,0.000236969,224
P301,UEQ_1,0.468296738,Cognitive_value,UEQ_pragmatic,FALSE,1.30838164911158e-13,224
P301,UEQ_2,0.235126566,Cognitive_value,UEQ_pragmatic,FALSE,0.000386326,224
P301,UEQ_3,0.50193508,Cognitive_value,UEQ_pragmatic,FALSE,1.06922143167277e-15,224
P301,UEQ_4,0.333118424,Cognitive_value,UEQ_pragmatic,FALSE,3.32017909899171e-07,224
P060,UEQ_1,0.454368678,Cognitive_value,UEQ_pragmatic,FALSE,8.24895600297228e-13,224
P060,UEQ_2,0.375766902,Cognitive_value,UEQ_pragmatic,FALSE,6.37148721262906e-09,224
P060,UEQ_3,0.404758679,Cognitive_value,UEQ_pragmatic,FALSE,3.06485200108222e-10,224
P060,UEQ_4,0.429661535,Cognitive_value,UEQ_pragmatic,FALSE,1.77248036221684e-11,224
P027,UEQ_1,0.478915776,Cognitive_value,UEQ_pragmatic,FALSE,3.03548811866925e-14,224
P027,UEQ_2,0.403035563,Cognitive_value,UEQ_pragmatic,FALSE,3.70127096948849e-10,224
P027,UEQ_3,0.521029733,Cognitive_value,UEQ_pragmatic,FALSE,5.46876822917366e-17,224
P027,UEQ_4,0.393839765,Cognitive_value,UEQ_pragmatic,FALSE,9.94941621236419e-10,224
P064,P106,0.19399162,Cognitive_value,Visualization,FALSE,0.003558043,224
P064,P089,0.326393391,Cognitive_value,Visualization,FALSE,5.8788745824056e-07,224
P064,P098,0.39821305,Cognitive_value,Visualization,FALSE,6.2402698989437e-10,224
P064,P097,0.403594689,Cognitive_value,Visualization,FALSE,3.48187711460627e-10,224
P064,P067,0.422794563,Cognitive_value,Visualization,FALSE,3.98207953849902e-11,224
P060,P106,0.176965417,Cognitive_value,Visualization,FALSE,0.007936881,224
P060,P089,0.37968895,Cognitive_value,Visualization,FALSE,4.29909516631146e-09,224
P060,P098,0.320701625,Cognitive_value,Visualization,FALSE,9.43393241290769e-07,224
P060,P097,0.407146976,Cognitive_value,Visualization,FALSE,2.35536831672114e-10,224
P060,P067,0.376614334,Cognitive_value,Visualization,FALSE,5.85482929204872e-09,224
P027,P106,0.468889656,Cognitive_value,Visualization,FALSE,1.20748455700833e-13,224
P027,P089,0.41483777,Cognitive_value,Visualization,FALSE,9.94545473802802e-11,224
P027,P098,0.443396404,Cognitive_value,Visualization,FALSE,3.32123367844797e-12,224
P027,P097,0.478035138,Cognitive_value,Visualization,FALSE,3.43309656391648e-14,224
P027,P067,0.377546299,Cognitive_value,Visualization,FALSE,5.33337682258527e-09,224
P088,P301,0.30632759,Intuitiveness,Cognitive_value,FALSE,2.98511502892169e-06,224
P026,P064,0.305759102,Intuitiveness,Cognitive_value,FALSE,3.12040688387651e-06,224
P026,P301,0.210761192,Intuitiveness,Cognitive_value,FALSE,0.001511596,224
P026,P060,0.446353072,Intuitiveness,Cognitive_value,FALSE,2.29310233783898e-12,224
P026,P027,0.431958625,Intuitiveness,Cognitive_value,FALSE,1.34651777576441e-11,224
P088,P4026A,0.692249662,Intuitiveness,Intuitiveness,TRUE,2.72596104327455e-33,224
P026,P088,0.81129775,Intuitiveness,Intuitiveness,TRUE,1.16472123255764e-53,224
P026,P4026A,0.668177469,Intuitiveness,Intuitiveness,TRUE,2.45726827075673e-30,224
P088,SUS_1,0.47823573,Intuitiveness,SUS,FALSE,3.338281347081e-14,224
P088,SUS_2,0.535257269,Intuitiveness,SUS,FALSE,5.26887508969433e-18,224
P088,SUS_3,0.511174981,Intuitiveness,SUS,FALSE,2.59629099167915e-16,224
P088,SUS_4,0.344619049,Intuitiveness,SUS,FALSE,1.21033017099081e-07,224
P088,SUS_5,0.31319262,Intuitiveness,SUS,FALSE,1.73499692200022e-06,224
P088,SUS_6,0.261491415,Intuitiveness,SUS,FALSE,7.46720250473407e-05,224
P088,SUS_7,0.565640625,Intuitiveness,SUS,FALSE,2.41984590379953e-20,224
P088,SUS_8,0.321798971,Intuitiveness,SUS,FALSE,8.6182477312026e-07,224
P088,SUS_9,0.65434142,Intuitiveness,SUS,FALSE,9.27179180255219e-29,224
P088,SUS_10,0.374745558,Intuitiveness,SUS,FALSE,7.05285004935315e-09,224
P026,SUS_1,0.370057306,Intuitiveness,SUS,FALSE,1.11932053666804e-08,224
P026,SUS_2,0.418212633,Intuitiveness,SUS,FALSE,6.76535491214423e-11,224
P026,SUS_3,0.453978279,Intuitiveness,SUS,FALSE,8.67550875574587e-13,224
P026,SUS_4,0.194470484,Intuitiveness,SUS,FALSE,0.003475301,224
P026,SUS_5,0.228296239,Intuitiveness,SUS,FALSE,0.000574676,224
P026,SUS_6,0.158599289,Intuitiveness,SUS,FALSE,0.017526555,224
P026,SUS_7,0.529353667,Intuitiveness,SUS,FALSE,1.40984650678366e-17,224
P026,SUS_8,0.267723983,Intuitiveness,SUS,FALSE,4.93153578155421e-05,224
P026,SUS_9,0.475280606,Intuitiveness,SUS,FALSE,5.03395152602352e-14,224
P026,SUS_10,0.262121436,Intuitiveness,SUS,FALSE,7.16385667727638e-05,224
P4026A,SUS_1,0.450313412,Intuitiveness,SUS,FALSE,1.38832315149767e-12,224
P4026A,SUS_2,0.400966731,Intuitiveness,SUS,FALSE,4.63569794328133e-10,224
P4026A,SUS_3,0.424925576,Intuitiveness,SUS,FALSE,3.10361415097881e-11,224
P4026A,SUS_4,0.247703185,Intuitiveness,SUS,FALSE,0.000180342,224
P4026A,SUS_5,0.360043684,Intuitiveness,SUS,FALSE,2.92957056601818e-08,224
P4026A,SUS_6,0.268347015,Intuitiveness,SUS,FALSE,4.72852394760096e-05,224
P4026A,SUS_7,0.439632365,Intuitiveness,SUS,FALSE,5.29506302774045e-12,224
P4026A,SUS_8,0.302701936,Intuitiveness,SUS,FALSE,3.95406416421092e-06,224
P4026A,SUS_9,0.502077024,Intuitiveness,SUS,FALSE,1.04656011788424e-15,224
P4026A,SUS_10,0.206103939,Intuitiveness,SUS,FALSE,0.001930098,224
P088,UEQ_5,0.386738179,Intuitiveness,UEQ_hedonic,FALSE,2.09188276122144e-09,224
P088,UEQ_6,0.335458975,Intuitiveness,UEQ_hedonic,FALSE,2.7127084889126e-07,224
P088,UEQ_7,0.270779813,Intuitiveness,UEQ_hedonic,FALSE,4.00873869976978e-05,224
P088,UEQ_8,0.267206202,Intuitiveness,UEQ_hedonic,FALSE,5.10646742249578e-05,224
P026,UEQ_5,0.349117131,Intuitiveness,UEQ_hedonic,FALSE,8.06549358575495e-08,224
P026,UEQ_6,0.306150476,Intuitiveness,UEQ_hedonic,FALSE,3.02665429034899e-06,224
P026,UEQ_7,0.283846877,Intuitiveness,UEQ_hedonic,FALSE,1.60678945486334e-05,224
P026,UEQ_8,0.275765095,Intuitiveness,UEQ_hedonic,FALSE,2.84376630606451e-05,224
P4026A,UEQ_5,0.383668828,Intuitiveness,UEQ_hedonic,FALSE,2.86857214617235e-09,224
P4026A,UEQ_6,0.317462261,Intuitiveness,UEQ_hedonic,FALSE,1.22949352598941e-06,224
P4026A,UEQ_7,0.20510425,Intuitiveness,UEQ_hedonic,FALSE,0.002032691,224
P4026A,UEQ_8,0.207813651,Intuitiveness,UEQ_hedonic,FALSE,0.001765525,224
P088,UEQ_1,0.527135948,Intuitiveness,UEQ_pragmatic,FALSE,2.03050632145248e-17,224
P088,UEQ_2,0.722916169,Intuitiveness,UEQ_pragmatic,FALSE,1.66953180810214e-37,224
P088,UEQ_3,0.40777177,Intuitiveness,UEQ_pragmatic,FALSE,2.19783099157483e-10,224
P088,UEQ_4,0.736952785,Intuitiveness,UEQ_pragmatic,FALSE,1.25727343733502e-39,224
P026,UEQ_1,0.459776997,Intuitiveness,UEQ_pragmatic,FALSE,4.07554067707704e-13,224
P026,UEQ_2,0.604993495,Intuitiveness,UEQ_pragmatic,FALSE,9.41526778845663e-24,224
P026,UEQ_3,0.389834152,Intuitiveness,UEQ_pragmatic,FALSE,1.51628394252093e-09,224
P026,UEQ_4,0.625218599,Intuitiveness,UEQ_pragmatic,FALSE,1.07112768770768e-25,224
P4026A,UEQ_1,0.413270011,Intuitiveness,UEQ_pragmatic,FALSE,1.18775456760506e-10,224
P4026A,UEQ_2,0.489521574,Intuitiveness,UEQ_pragmatic,FALSE,6.70251597913239e-15,224
P4026A,UEQ_3,0.397707314,Intuitiveness,UEQ_pragmatic,FALSE,6.58844852070229e-10,224
P4026A,UEQ_4,0.591182373,Intuitiveness,UEQ_pragmatic,FALSE,1.67385652142793e-22,224
P088,P106,0.323437301,Intuitiveness,Visualization,FALSE,7.52478723329475e-07,224
P088,P089,0.490491437,Intuitiveness,Visualization,FALSE,5.82252097007145e-15,224
P088,P098,0.359405396,Intuitiveness,Visualization,FALSE,3.11139832036325e-08,224
P088,P097,0.292359355,Intuitiveness,Visualization,FALSE,8.63763341467528e-06,224
P026,P106,0.26130288,Intuitiveness,Visualization,FALSE,7.56029863230413e-05,224
P026,P089,0.451238659,Intuitiveness,Visualization,FALSE,1.23358324273458e-12,224
P026,P098,0.284144015,Intuitiveness,Visualization,FALSE,1.57288071993334e-05,224
P026,P097,0.307006872,Intuitiveness,Visualization,FALSE,2.83078091875117e-06,224
P026,P067,0.382325914,Intuitiveness,Visualization,FALSE,3.2901747637363e-09,224
SUS_1,SUS_2,0.3444551,SUS,SUS,TRUE,1.22822139884425e-07,224
SUS_1,SUS_3,0.406915678,SUS,SUS,TRUE,2.41642261709077e-10,224
SUS_1,SUS_4,0.217045275,SUS,SUS,TRUE,0.001078052,224
SUS_1,SUS_5,0.448174927,SUS,SUS,TRUE,1.8218743762107e-12,224
SUS_1,SUS_6,0.290842574,SUS,SUS,TRUE,9.66196038438732e-06,224
SUS_1,SUS_7,0.381404201,SUS,SUS,TRUE,3.61358134994631e-09,224
SUS_1,SUS_8,0.237603951,SUS,SUS,TRUE,0.000333542,224
SUS_1,SUS_9,0.631271115,SUS,SUS,TRUE,2.63073074915859e-26,224
SUS_1,SUS_10,0.180495345,SUS,SUS,TRUE,0.006757276,224
SUS_2,SUS_3,0.353082347,SUS,SUS,TRUE,5.60966438015781e-08,224
SUS_2,SUS_4,0.546085805,SUS,SUS,TRUE,8.23342474570928e-19,224
SUS_2,SUS_5,0.432015767,SUS,SUS,TRUE,1.33730722927441e-11,224
SUS_2,SUS_6,0.564230275,SUS,SUS,TRUE,3.14535788449057e-20,224
SUS_2,SUS_7,0.429437361,SUS,SUS,TRUE,1.82046630112982e-11,224
SUS_2,SUS_8,0.513699435,SUS,SUS,TRUE,1.7504325945819e-16,224
SUS_2,SUS_9,0.414931509,SUS,SUS,TRUE,9.8401545809236e-11,224
SUS_3,SUS_4,0.212144423,SUS,SUS,TRUE,0.001404356,224
SUS_3,SUS_5,0.348068621,SUS,SUS,TRUE,8.87090062117419e-08,224
SUS_3,SUS_6,0.150655601,SUS,SUS,TRUE,0.024128432,224
SUS_3,SUS_7,0.502816396,SUS,SUS,TRUE,9.35908793596367e-16,224
SUS_3,SUS_8,0.305339901,SUS,SUS,TRUE,3.22389176549412e-06,224
SUS_3,SUS_9,0.531960295,SUS,SUS,TRUE,9.15094816131575e-18,224
SUS_4,SUS_5,0.202741063,SUS,SUS,TRUE,0.002295261,224
SUS_4,SUS_6,0.536906067,SUS,SUS,TRUE,3.98873790900149e-18,224
SUS_4,SUS_7,0.173289885,SUS,SUS,TRUE,0.0093565,224
SUS_4,SUS_8,0.589071117,SUS,SUS,TRUE,2.5676828651712e-22,224
SUS_4,SUS_9,0.31172891,SUS,SUS,TRUE,1.95003528659495e-06,224
SUS_5,SUS_6,0.365481668,SUS,SUS,TRUE,1.74446938899801e-08,224
SUS_5,SUS_7,0.248157923,SUS,SUS,TRUE,0.00017531,224
SUS_5,SUS_8,0.280966103,SUS,SUS,TRUE,1.97343123165333e-05,224
SUS_5,SUS_9,0.463500149,SUS,SUS,TRUE,2.49016493818708e-13,224
SUS_6,SUS_7,0.149079512,SUS,SUS,TRUE,0.025666706,224
SUS_6,SUS_8,0.598574372,SUS,SUS,TRUE,3.64973761276554e-23,224
SUS_6,SUS_9,0.262421949,SUS,SUS,TRUE,7.02327825508305e-05,224
SUS_7,SUS_8,0.329934011,SUS,SUS,TRUE,4.35910044968626e-07,224
SUS_7,SUS_9,0.590316041,SUS,SUS,TRUE,1.99587476482963e-22,224
SUS_8,SUS_9,0.322513182,SUS,SUS,TRUE,8.12407758819488e-07,224
SUS_10,SUS_2,0.482537363,SUS,SUS,TRUE,1.82292399446139e-14,224
SUS_10,SUS_3,0.347612555,SUS,SUS,TRUE,9.24486964939446e-08,224
SUS_10,SUS_4,0.509568509,SUS,SUS,TRUE,3.33095476533613e-16,224
SUS_10,SUS_5,0.208113278,SUS,SUS,TRUE,0.00173804,224
SUS_10,SUS_6,0.337148106,SUS,SUS,TRUE,2.34216241402648e-07,224
SUS_10,SUS_7,0.355336174,SUS,SUS,TRUE,4.55337499625702e-08,224
SUS_10,SUS_8,0.440480013,SUS,SUS,TRUE,4.76946600388759e-12,224
SUS_10,SUS_9,0.309762916,SUS,SUS,TRUE,2.27915526301272e-06,224
SUS_1,UEQ_5,0.463252566,SUS,UEQ_hedonic,FALSE,2.57357318905789e-13,224
SUS_1,UEQ_6,0.486779457,SUS,UEQ_hedonic,FALSE,9.95454769893092e-15,224
SUS_1,UEQ_7,0.334422718,SUS,UEQ_hedonic,FALSE,2.96720117284454e-07,224
SUS_1,UEQ_8,0.340103717,SUS,UEQ_hedonic,FALSE,1.80753856972948e-07,224
SUS_2,UEQ_5,0.312143756,SUS,UEQ_hedonic,FALSE,1.8866360296766e-06,224
SUS_2,UEQ_6,0.305160814,SUS,UEQ_hedonic,FALSE,3.26909090692175e-06,224
SUS_2,UEQ_7,0.176307254,SUS,UEQ_hedonic,FALSE,0.00817605,224
SUS_2,UEQ_8,0.167142873,SUS,UEQ_hedonic,FALSE,0.01223759,224
SUS_3,UEQ_5,0.177223625,SUS,UEQ_hedonic,FALSE,0.007844763,224
SUS_3,UEQ_6,0.215998532,SUS,UEQ_hedonic,FALSE,0.001141244,224
SUS_3,UEQ_7,0.251590595,SUS,UEQ_hedonic,FALSE,0.000141349,224
SUS_3,UEQ_8,0.251989147,SUS,UEQ_hedonic,FALSE,0.000137832,224
SUS_4,UEQ_5,0.096931762,SUS,UEQ_hedonic,FALSE,0.148168079,224
SUS_4,UEQ_6,0.083183206,SUS,UEQ_hedonic,FALSE,0.214917187,224
SUS_4,UEQ_7,-0.045514706,SUS,UEQ_hedonic,FALSE,0.497935333,224
SUS_4,UEQ_8,-0.14054216,SUS,UEQ_hedonic,FALSE,0.035542862,224
SUS_5,UEQ_5,0.33058078,SUS,UEQ_hedonic,FALSE,4.12563563407728e-07,224
SUS_5,UEQ_6,0.238997751,SUS,UEQ_hedonic,FALSE,0.000306875,224
SUS_5,UEQ_7,0.259394947,SUS,UEQ_hedonic,FALSE,8.56576491619116e-05,224
SUS_5,UEQ_8,0.248439944,SUS,UEQ_hedonic,FALSE,0.000172256,224
SUS_6,UEQ_5,0.17433027,SUS,UEQ_hedonic,FALSE,0.008933444,224
SUS_6,UEQ_6,0.177358957,SUS,UEQ_hedonic,FALSE,0.007796864,224
SUS_6,UEQ_7,0.050458542,SUS,UEQ_hedonic,FALSE,0.452383066,224
SUS_6,UEQ_8,-0.006546608,SUS,UEQ_hedonic,FALSE,0.922382122,224
SUS_7,UEQ_5,0.284504577,SUS,UEQ_hedonic,FALSE,1.53264380263372e-05,224
SUS_7,UEQ_6,0.245349314,SUS,UEQ_hedonic,FALSE,0.000208615,224
SUS_7,UEQ_7,0.245628391,SUS,UEQ_hedonic,FALSE,0.000205059,224
SUS_7,UEQ_8,0.128852457,SUS,UEQ_hedonic,FALSE,0.054137736,224
SUS_8,UEQ_5,0.108523199,SUS,UEQ_hedonic,FALSE,0.105247905,224
SUS_8,UEQ_6,0.128971085,SUS,UEQ_hedonic,FALSE,0.053914764,224
SUS_8,UEQ_7,0.110036966,SUS,UEQ_hedonic,FALSE,0.100453186,224
SUS_8,UEQ_8,-0.062277298,SUS,UEQ_hedonic,FALSE,0.353528227,224
SUS_9,UEQ_5,0.366094308,SUS,UEQ_hedonic,FALSE,1.64450569900378e-08,224
SUS_9,UEQ_6,0.358779255,SUS,UEQ_hedonic,FALSE,3.30030323508677e-08,224
SUS_9,UEQ_7,0.295292119,SUS,UEQ_hedonic,FALSE,6.94219290693597e-06,224
SUS_9,UEQ_8,0.25629579,SUS,UEQ_hedonic,FALSE,0.000104706,224
SUS_10,UEQ_5,0.176871583,SUS,UEQ_hedonic,FALSE,0.007970594,224
SUS_10,UEQ_6,0.201767832,SUS,UEQ_hedonic,FALSE,0.002412093,224
SUS_10,UEQ_7,0.119399594,SUS,UEQ_hedonic,FALSE,0.074521733,224
SUS_10,UEQ_8,0.038592166,SUS,UEQ_hedonic,FALSE,0.565577234,224
SUS_1,UEQ_1,0.601879025,SUS,UEQ_pragmatic,FALSE,1.82383672988019e-23,224
SUS_1,UEQ_2,0.390506478,SUS,UEQ_pragmatic,FALSE,1.41331376056711e-09,224
SUS_1,UEQ_3,0.593184272,SUS,UEQ_pragmatic,FALSE,1.11239558247257e-22,224
SUS_1,UEQ_4,0.46250515,SUS,UEQ_pragmatic,FALSE,2.84224503145028e-13,224
SUS_2,UEQ_1,0.300705616,SUS,UEQ_pragmatic,FALSE,4.60858795940897e-06,224
SUS_2,UEQ_2,0.498362849,SUS,UEQ_pragmatic,FALSE,1.82720895328269e-15,224
SUS_2,UEQ_3,0.328070794,SUS,UEQ_pragmatic,FALSE,5.10456317069784e-07,224
SUS_2,UEQ_4,0.537107692,SUS,UEQ_pragmatic,FALSE,3.85485381610328e-18,224
SUS_3,UEQ_1,0.451476886,SUS,UEQ_pragmatic,FALSE,1.19654559655898e-12,224
SUS_3,UEQ_2,0.59934487,SUS,UEQ_pragmatic,FALSE,3.10691163369508e-23,224
SUS_3,UEQ_3,0.358469893,SUS,UEQ_pragmatic,FALSE,3.39766847318908e-08,224
SUS_3,UEQ_4,0.55499593,SUS,UEQ_pragmatic,FALSE,1.69856371009551e-19,224
SUS_4,UEQ_1,0.110041245,SUS,UEQ_pragmatic,FALSE,0.100439879,224
SUS_4,UEQ_2,0.264399925,SUS,UEQ_pragmatic,FALSE,6.1607121521951e-05,224
SUS_4,UEQ_3,0.107772908,SUS,UEQ_pragmatic,FALSE,0.107690332,224
SUS_4,UEQ_4,0.286384394,SUS,UEQ_pragmatic,FALSE,1.33817631395892e-05,224
SUS_5,UEQ_1,0.306021848,SUS,UEQ_pragmatic,FALSE,3.05716679509449e-06,224
SUS_5,UEQ_2,0.287429096,SUS,UEQ_pragmatic,FALSE,1.24045655872228e-05,224
SUS_5,UEQ_3,0.417577732,SUS,UEQ_pragmatic,FALSE,7.27633781574188e-11,224
SUS_5,UEQ_4,0.364859929,SUS,UEQ_pragmatic,FALSE,1.85189824013943e-08,224
SUS_6,UEQ_1,0.289920581,SUS,UEQ_pragmatic,FALSE,1.03398509998171e-05,224
SUS_6,UEQ_2,0.220094611,SUS,UEQ_pragmatic,FALSE,0.000911833,224
SUS_6,UEQ_3,0.363036697,SUS,UEQ_pragmatic,FALSE,2.20499776593622e-08,224
SUS_6,UEQ_4,0.24854703,SUS,UEQ_pragmatic,FALSE,0.000171109,224
SUS_7,UEQ_1,0.458661378,SUS,UEQ_pragmatic,FALSE,4.71837880574973e-13,224
SUS_7,UEQ_2,0.678073894,SUS,UEQ_pragmatic,FALSE,1.62075045227687e-31,224
SUS_7,UEQ_3,0.359539584,SUS,UEQ_pragmatic,FALSE,3.07229207048324e-08,224
SUS_7,UEQ_4,0.645539359,SUS,UEQ_pragmatic,FALSE,8.47124571445393e-28,224
SUS_8,UEQ_1,0.23811621,SUS,UEQ_pragmatic,FALSE,0.0003235,224
SUS_8,UEQ_2,0.305951467,SUS,UEQ_pragmatic,FALSE,3.07398579422935e-06,224
SUS_8,UEQ_3,0.208632883,SUS,UEQ_pragmatic,FALSE,0.0016913,224
SUS_8,UEQ_4,0.322575365,SUS,UEQ_pragmatic,FALSE,8.08235923769047e-07,224
SUS_9,UEQ_1,0.506497052,SUS,UEQ_pragmatic,FALSE,5.34429520518527e-16,224
SUS_9,UEQ_2,0.560212832,SUS,UEQ_pragmatic,FALSE,6.59341778841058e-20,224
SUS_9,UEQ_3,0.419924472,SUS,UEQ_pragmatic,FALSE,5.55519656728104e-11,224
SUS_9,UEQ_4,0.608353026,SUS,UEQ_pragmatic,FALSE,4.57648522899432e-24,224
SUS_10,UEQ_1,0.212010332,SUS,UEQ_pragmatic,FALSE,0.001414439,224
SUS_10,UEQ_2,0.456156409,SUS,UEQ_pragmatic,FALSE,6.54298065816548e-13,224
SUS_10,UEQ_3,0.106053475,SUS,UEQ_pragmatic,FALSE,0.1134557,224
SUS_10,UEQ_4,0.450320049,SUS,UEQ_pragmatic,FALSE,1.3871486188688e-12,224
UEQ_5,UEQ_6,0.762906776,UEQ_hedonic,UEQ_hedonic,TRUE,6.19303932639413e-44,224
UEQ_5,UEQ_7,0.504329495,UEQ_hedonic,UEQ_hedonic,TRUE,7.43962206761906e-16,224
UEQ_5,UEQ_8,0.531554773,UEQ_hedonic,UEQ_hedonic,TRUE,9.789814788628e-18,224
UEQ_6,UEQ_7,0.538772574,UEQ_hedonic,UEQ_hedonic,TRUE,2.90530393960695e-18,224
UEQ_6,UEQ_8,0.552395001,UEQ_hedonic,UEQ_hedonic,TRUE,2.70583177919828e-19,224
UEQ_7,UEQ_8,0.698030246,UEQ_hedonic,UEQ_hedonic,TRUE,4.81135400232069e-34,224
UEQ_1,UEQ_5,0.541638592,UEQ_pragmatic,UEQ_hedonic,FALSE,1.77898299044102e-18,224
UEQ_1,UEQ_6,0.504320854,UEQ_pragmatic,UEQ_hedonic,FALSE,7.44940384236309e-16,224
UEQ_1,UEQ_7,0.35128464,UEQ_pragmatic,UEQ_hedonic,FALSE,6.61758261904861e-08,224
UEQ_1,UEQ_8,0.319757006,UEQ_pragmatic,UEQ_hedonic,FALSE,1.01947438434448e-06,224
UEQ_2,UEQ_5,0.409569825,UEQ_pragmatic,UEQ_hedonic,FALSE,1.79939158263804e-10,224
UEQ_2,UEQ_6,0.345449442,UEQ_pragmatic,UEQ_hedonic,FALSE,1.1234916163363e-07,224
UEQ_2,UEQ_7,0.322593537,UEQ_pragmatic,UEQ_hedonic,FALSE,8.0702065856851e-07,224
UEQ_2,UEQ_8,0.277452904,UEQ_pragmatic,UEQ_hedonic,FALSE,2.52785103039652e-05,224
UEQ_3,UEQ_5,0.487342722,UEQ_pragmatic,UEQ_hedonic,FALSE,9.18036987213188e-15,224
UEQ_3,UEQ_6,0.445381899,UEQ_pragmatic,UEQ_hedonic,FALSE,2.59082156337495e-12,224
UEQ_3,UEQ_7,0.389803503,UEQ_pragmatic,UEQ_hedonic,FALSE,1.52114695206678e-09,224
UEQ_3,UEQ_8,0.371801495,UEQ_pragmatic,UEQ_hedonic,FALSE,9.43411664585176e-09,224
UEQ_4,UEQ_5,0.46743417,UEQ_pragmatic,UEQ_hedonic,FALSE,1.47000194747134e-13,224
UEQ_4,UEQ_6,0.443967227,UEQ_pragmatic,UEQ_hedonic,FALSE,3.09286581478273e-12,224
UEQ_4,UEQ_7,0.397927312,UEQ_pragmatic,UEQ_hedonic,FALSE,6.43473530525976e-10,224
UEQ_4,UEQ_8,0.315111289,UEQ_pragmatic,UEQ_hedonic,FALSE,1.48720725274731e-06,224
UEQ_1,UEQ_2,0.592583803,UEQ_pragmatic,UEQ_pragmatic,TRUE,1.25781722105368e-22,224
UEQ_1,UEQ_3,0.627552513,UEQ_pragmatic,UEQ_pragmatic,TRUE,6.25598607359085e-26,224
UEQ_1,UEQ_4,0.598350037,UEQ_pragmatic,UEQ_pragmatic,TRUE,3.82461293155014e-23,224
UEQ_2,UEQ_3,0.487293608,UEQ_pragmatic,UEQ_pragmatic,TRUE,9.24546361325689e-15,224
UEQ_2,UEQ_4,0.788424312,UEQ_pragmatic,UEQ_pragmatic,TRUE,9.57799062770255e-49,224
UEQ_3,UEQ_4,0.540800756,UEQ_pragmatic,UEQ_pragmatic,TRUE,2.05425742340401e-18,224
P106,P301,0.446587693,Visualization,Cognitive_value,FALSE,2.22633663221963e-12,224
P089,P301,0.333598887,Visualization,Cognitive_value,FALSE,3.1857076097523e-07,224
P098,P301,0.559919107,Visualization,Cognitive_value,FALSE,6.95731269847262e-20,224
P097,P301,0.47444839,Visualization,Cognitive_value,FALSE,5.64724906139816e-14,224
P022A,P064,0.282650328,Visualization,Cognitive_value,FALSE,1.75047000857064e-05,224
P022A,P301,0.345810419,Visualization,Cognitive_value,FALSE,1.08763892286103e-07,224
P022A,P060,0.299179378,Visualization,Cognitive_value,FALSE,5.17720954788568e-06,224
P022A,P027,0.350150798,Visualization,Cognitive_value,FALSE,7.34060026629182e-08,224
P067,P301,0.280277105,Visualization,Cognitive_value,FALSE,2.07216943026288e-05,224
P106,P4026A,0.279587546,Visualization,Intuitiveness,FALSE,2.17565264977674e-05,224
P089,P4026A,0.397877892,Visualization,Intuitiveness,FALSE,6.46895987032879e-10,224
P098,P4026A,0.258742387,Visualization,Intuitiveness,FALSE,8.93754445262173e-05,224
P097,P4026A,0.37919087,Visualization,Intuitiveness,FALSE,4.52065804407568e-09,224
P022A,P088,0.462227926,Visualization,Intuitiveness,FALSE,2.94869858848802e-13,224
P022A,P026,0.431001257,Visualization,Intuitiveness,FALSE,1.5103282968969e-11,224
P022A,P4026A,0.454088429,Visualization,Intuitiveness,FALSE,8.55302832183779e-13,224
P067,P088,0.372393549,Visualization,Intuitiveness,FALSE,8.90012571378409e-09,224
P067,P4026A,0.375146989,Visualization,Intuitiveness,FALSE,6.77704476508366e-09,224
P106,SUS_1,0.348402602,Visualization,SUS,FALSE,8.60631251319102e-08,224
P106,SUS_2,0.251010047,Visualization,SUS,FALSE,0.000146623,224
P106,SUS_3,0.261776502,Visualization,SUS,FALSE,7.32847247223212e-05,224
P106,SUS_4,0.312951968,Visualization,SUS,FALSE,1.76872457451576e-06,224
P106,SUS_5,0.35363709,Visualization,SUS,FALSE,5.3296881383604e-08,224
P106,SUS_6,0.424299538,Visualization,SUS,FALSE,3.33999023925453e-11,224
P106,SUS_7,0.155226365,Visualization,SUS,FALSE,0.020108138,224
P106,SUS_8,0.310790669,Visualization,SUS,FALSE,2.10100453830713e-06,224
P106,SUS_9,0.306981804,Visualization,SUS,FALSE,2.83633885118348e-06,224
P106,SUS_10,0.182075832,Visualization,SUS,FALSE,0.00628184,224
P089,SUS_1,0.307494262,Visualization,SUS,FALSE,2.72476331461121e-06,224
P089,SUS_2,0.35850293,Visualization,SUS,FALSE,3.38714007801102e-08,224
P089,SUS_3,0.286388984,Visualization,SUS,FALSE,1.33773150072057e-05,224
P089,SUS_4,0.204092962,Visualization,SUS,FALSE,0.002141508,224
P089,SUS_5,0.325534635,Visualization,SUS,FALSE,6.31761669055292e-07,224
P089,SUS_6,0.156181858,Visualization,SUS,FALSE,0.019345325,224
P089,SUS_7,0.269932188,Visualization,SUS,FALSE,4.24691131713386e-05,224
P089,SUS_8,0.144275835,Visualization,SUS,FALSE,0.03088524,224
P089,SUS_9,0.373673426,Visualization,SUS,FALSE,7.84365610599314e-09,224
P089,SUS_10,0.225682082,Visualization,SUS,FALSE,0.000666968,224
P098,SUS_1,0.35210233,Visualization,SUS,FALSE,6.13922428651124e-08,224
P098,SUS_2,0.238688499,Visualization,SUS,FALSE,0.000312614,224
P098,SUS_3,0.338452575,Visualization,SUS,FALSE,2.08975821825019e-07,224
P098,SUS_4,0.246309126,Visualization,SUS,FALSE,0.000196621,224
P098,SUS_5,0.278525151,Visualization,SUS,FALSE,2.34469994611459e-05,224
P098,SUS_6,0.283866248,Visualization,SUS,FALSE,1.60455797431706e-05,224
P098,SUS_7,0.111648821,Visualization,SUS,FALSE,0.095539614,224
P098,SUS_8,0.242178498,Visualization,SUS,FALSE,0.000253266,224
P098,SUS_9,0.196209705,Visualization,SUS,FALSE,0.003189212,224
P098,SUS_10,0.187021359,Visualization,SUS,FALSE,0.004981311,224
P097,SUS_1,0.474731756,Visualization,SUS,FALSE,5.43065073178848e-14,224
P097,SUS_2,0.20316257,Visualization,SUS,FALSE,0.002246278,224
P097,SUS_3,0.242467781,Visualization,SUS,FALSE,0.00024885,224
P097,SUS_4,0.235174597,Visualization,SUS,FALSE,0.000385233,224
P097,SUS_5,0.304611105,Visualization,SUS,FALSE,3.41163090074286e-06,224
P097,SUS_6,0.26035893,Visualization,SUS,FALSE,8.04302836215419e-05,224
P097,SUS_7,0.174108121,Visualization,SUS,FALSE,0.009022325,224
P097,SUS_8,0.092378953,Visualization,SUS,FALSE,0.168260647,224
P097,SUS_9,0.337930582,Visualization,SUS,FALSE,2.18745714019809e-07,224
P097,SUS_10,0.018295094,Visualization,SUS,FALSE,0.785386163,224
P022A,SUS_1,0.422524147,Visualization,SUS,FALSE,4.10952151166026e-11,224
P022A,SUS_2,0.282541931,Visualization,SUS,FALSE,1.76407023301703e-05,224
P022A,SUS_3,0.211740281,Visualization,SUS,FALSE,0.001434945,224
P022A,SUS_4,0.22955152,Visualization,SUS,FALSE,0.000534692,224
P022A,SUS_5,0.271167172,Visualization,SUS,FALSE,3.90413908300305e-05,224
P022A,SUS_6,0.242560349,Visualization,SUS,FALSE,0.000247452,224
P022A,SUS_7,0.227445561,Visualization,SUS,FALSE,0.000603325,224
P022A,SUS_8,0.231290254,Visualization,SUS,FALSE,0.000483551,224
P022A,SUS_9,0.40087804,Visualization,SUS,FALSE,4.68048928815622e-10,224
P022A,SUS_10,0.085180001,Visualization,SUS,FALSE,0.204072339,224
P067,SUS_1,0.261938849,Visualization,SUS,FALSE,7.25055684453595e-05,224
P067,SUS_2,0.286892547,Visualization,SUS,FALSE,1.28976729099741e-05,224
P067,SUS_3,0.349235246,Visualization,SUS,FALSE,7.9793017169263e-08,224
P067,SUS_4,0.205521707,Visualization,SUS,FALSE,0.00198926,224
P067,SUS_5,0.319294766,Visualization,SUS,FALSE,1.05880814281274e-06,224
P067,SUS_6,0.158519957,Visualization,SUS,FALSE,0.017583791,224
P067,SUS_7,0.278578876,Visualization,SUS,FALSE,2.33586143106316e-05,224
P067,SUS_8,0.189454953,Visualization,SUS,FALSE,0.004434823,224
P067,SUS_9,0.331388611,Visualization,SUS,FALSE,3.85082961747827e-07,224
P067,SUS_10,0.137917637,Visualization,SUS,FALSE,0.039162045,224
P106,UEQ_5,0.069686535,Visualization,UEQ_hedonic,FALSE,0.299083717,224
P106,UEQ_6,0.150529463,Visualization,UEQ_hedonic,FALSE,0.02424855,224
P106,UEQ_7,-0.020254535,Visualization,UEQ_hedonic,FALSE,0.763050744,224
P106,UEQ_8,0.079370209,Visualization,UEQ_hedonic,FALSE,0.236759241,224
P089,UEQ_5,0.257969678,Visualization,UEQ_hedonic,FALSE,9.39734715820546e-05,224
P089,UEQ_6,0.340996775,Visualization,UEQ_hedonic,FALSE,1.67053407115602e-07,224
P089,UEQ_7,0.126380113,Visualization,UEQ_hedonic,FALSE,0.058961419,224
P089,UEQ_8,0.129815834,Visualization,UEQ_hedonic,FALSE,0.052348898,224
P098,UEQ_5,0.238648147,Visualization,UEQ_hedonic,FALSE,0.000313371,224
P098,UEQ_6,0.240580192,Visualization,UEQ_hedonic,FALSE,0.000279007,224
P098,UEQ_7,0.155114079,Visualization,UEQ_hedonic,FALSE,0.02019947,224
P098,UEQ_8,0.214023777,Visualization,UEQ_hedonic,FALSE,0.001269805,224
P097,UEQ_5,0.265950813,Visualization,UEQ_hedonic,FALSE,5.55515483115283e-05,224
P097,UEQ_6,0.301399677,Visualization,UEQ_hedonic,FALSE,4.3701388246795e-06,224
P097,UEQ_7,0.110313585,Visualization,UEQ_hedonic,FALSE,0.099596005,224
P097,UEQ_8,0.142112464,Visualization,UEQ_hedonic,FALSE,0.033516065,224
P022A,UEQ_5,0.22612636,Visualization,UEQ_hedonic,FALSE,0.000650375,224
P022A,UEQ_6,0.218183046,Visualization,UEQ_hedonic,FALSE,0.001013023,224
P022A,UEQ_7,0.069814616,Visualization,UEQ_hedonic,FALSE,0.298194261,224
P022A,UEQ_8,0.019807773,Visualization,UEQ_hedonic,FALSE,0.768126848,224
P067,UEQ_5,0.302058527,Visualization,UEQ_hedonic,FALSE,4.15468478310638e-06,224
P067,UEQ_6,0.348280364,Visualization,UEQ_hedonic,FALSE,8.70225973892159e-08,224
P067,UEQ_7,0.269786066,Visualization,UEQ_hedonic,FALSE,4.28929400518061e-05,224
P067,UEQ_8,0.25291707,Visualization,UEQ_hedonic,FALSE,0.000129959,224
P106,UEQ_1,0.389304305,Visualization,UEQ_pragmatic,FALSE,1.6025131935291e-09,224
P106,UEQ_2,0.235116671,Visualization,UEQ_pragmatic,FALSE,0.000386552,224
P106,UEQ_3,0.378932931,Visualization,UEQ_pragmatic,FALSE,4.63969523825815e-09,224
P106,UEQ_4,0.238895954,Visualization,UEQ_pragmatic,FALSE,0.000308753,224
P089,UEQ_1,0.418010314,Visualization,UEQ_pragmatic,FALSE,6.92427943405797e-11,224
P089,UEQ_2,0.34050381,Visualization,UEQ_pragmatic,FALSE,1.74487645311878e-07,224
P089,UEQ_3,0.348057652,Visualization,UEQ_pragmatic,FALSE,8.87972214665821e-08,224
P089,UEQ_4,0.468584698,Visualization,UEQ_pragmatic,FALSE,1.25839203115204e-13,224
P098,UEQ_1,0.446205412,Visualization,UEQ_pragmatic,FALSE,2.33611745752684e-12,224
P098,UEQ_2,0.237495168,Visualization,UEQ_pragmatic,FALSE,0.000335712,224
P098,UEQ_3,0.415142946,Visualization,UEQ_pragmatic,FALSE,9.60660071346083e-11,224
P098,UEQ_4,0.209200658,Visualization,UEQ_pragmatic,FALSE,0.001641543,224
P097,UEQ_1,0.403911333,Visualization,UEQ_pragmatic,FALSE,3.36327926544333e-10,224
P097,UEQ_2,0.214970719,Visualization,UEQ_pragmatic,FALSE,0.001206585,224
P097,UEQ_3,0.468264737,Visualization,UEQ_pragmatic,FALSE,1.31405516393967e-13,224
P097,UEQ_4,0.199724076,Visualization,UEQ_pragmatic,FALSE,0.002675214,224
P022A,UEQ_1,0.362229559,Visualization,UEQ_pragmatic,FALSE,2.38127583237338e-08,224
P022A,UEQ_2,0.278793934,Visualization,UEQ_pragmatic,FALSE,2.30079565370323e-05,224
P022A,UEQ_3,0.34749962,Visualization,UEQ_pragmatic,FALSE,9.33978996736847e-08,224
P022A,UEQ_4,0.291197998,Visualization,UEQ_pragmatic,FALSE,9.41207481989591e-06,224
P067,UEQ_1,0.4035857,Visualization,UEQ_pragmatic,FALSE,3.4853025012891e-10,224
P067,UEQ_2,0.354974341,Visualization,UEQ_pragmatic,FALSE,4.70897768939107e-08,224
P067,UEQ_3,0.347915732,Visualization,UEQ_pragmatic,FALSE,8.99461714232416e-08,224
P067,UEQ_4,0.380744302,Visualization,UEQ_pragmatic,FALSE,3.86378390517486e-09,224
P089,P106,0.369042242,Visualization,Visualization,TRUE,1.23584821000462e-08,224
P089,P098,0.452693311,Visualization,Visualization,TRUE,1.02368748303703e-12,224
P089,P097,0.412909374,Visualization,Visualization,TRUE,1.237104441552e-10,224
P098,P106,0.574329922,Visualization,Visualization,TRUE,4.67739150823039e-21,224
P097,P106,0.53385208,Visualization,Visualization,TRUE,6.67144640831598e-18,224
P097,P098,0.430411479,Visualization,Visualization,TRUE,1.62072376156719e-11,224
P022A,P106,0.435944831,Visualization,Visualization,TRUE,8.31617696985886e-12,224
P022A,P089,0.591703982,Visualization,Visualization,TRUE,1.50521583824277e-22,224
P022A,P098,0.428933197,Visualization,Visualization,TRUE,1.93304754191468e-11,224
P022A,P097,0.534427513,Visualization,Visualization,TRUE,6.0576266676327e-18,224
P022A,P067,0.34189476,Visualization,Visualization,TRUE,1.54285760056973e-07,224
P067,P106,0.333464821,Visualization,Visualization,TRUE,3.22269505962933e-07,224
P067,P089,0.485408044,Visualization,Visualization,TRUE,1.21160657958934e-14,224
P067,P098,0.344110625,Visualization,Visualization,TRUE,1.26664450630889e-07,224
P067,P097,0.417985428,Visualization,Visualization,TRUE,6.94407637333426e-11,224
