seed,stimulus,P026,P088,P4026A,P902,P022A,P067,P089,P097,P098,P106,P027,P060,P064,P301,UEQ_1,UEQ_2,UEQ_3,UEQ_4,UEQ_5,UEQ_6,UEQ_7,UEQ_8,SUS_1,SUS_2,SUS_3,SUS_4,SUS_5,SUS_6,SUS_7,SUS_8,SUS_9,SUS_10
1886876404,Power BI,6,5,5,2,7,5,6,7,6,7,6,6,6,6,5,4,4,5,4,5,4,4,4,2,3,1,4,3,3,3,4,4
823070095,Tableau,7,7,6,2,6,7,5,5,5,3,7,6,5,6,4,6,4,5,3,3,5,2,3,2,4,1,4,2,4,3,4,2
113523666,JMP,7,7,7,2,7,7,7,7,7,7,7,7,7,7,7,6,7,6,7,7,7,7,5,1,5,1,4,1,4,1,5,3
675873429,Qlik,7,7,7,2,7,7,7,7,7,7,7,7,7,7,7,7,7,7,7,7,4,5,5,1,5,1,5,1,5,1,5,3
886668237,Tableau,3,6,6,2,7,4,6,6,6,6,6,2,3,6,5,3,2,4,6,5,1,1,4,3,3,2,4,2,3,2,5,3
1684659697,Tableau,7,7,7,2,7,7,6,7,7,6,7,7,7,7,7,6,7,7,5,6,5,5,5,2,5,1,4,1,3,1,5,1
1067977115,Superset,3,4,3,2,5,5,6,4,6,6,5,4,5,5,3,2,4,3,4,4,5,3,2,3,4,2,4,2,2,3,2,2
320709478,Power BI,4,5,5,2,7,3,5,6,6,6,4,6,6,7,6,5,6,5,5,7,4,3,5,2,3,2,4,2,3,2,4,1
1619005980,Tableau,7,7,7,2,6,4,6,6,7,6,7,6,6,7,6,7,7,6,5,5,7,6,5,2,4,3,5,1,3,2,4,3
1215486064,Tableau,7,7,7,2,6,5,7,6,7,7,6,7,5,6,7,6,6,6,5,7,4,3,3,2,4,2,4,2,4,1,4,3
381776477,Gephi,7,6,5,2,7,4,6,6,7,6,5,6,6,6,5,2,5,4,6,5,5,5,3,2,4,2,5,3,2,3,4,3
1436526393,Tableau,3,5,4,2,6,5,6,7,6,5,5,7,7,7,5,4,7,5,6,6,7,6,4,1,3,1,5,2,3,2,4,5
801069651,Tableau,6,6,6,2,7,6,7,7,6,7,7,7,7,7,6,4,6,5,6,7,4,4,4,1,4,1,4,1,3,2,4,3
1452448240,Tableau,6,6,6,2,6,7,7,6,7,7,5,6,7,5,5,7,5,6,5,7,4,3,2,1,5,1,4,1,4,2,4,1
978948372,Tableau,3,6,6,2,7,6,6,6,6,6,7,7,7,7,7,6,6,5,6,7,4,1,4,1,4,2,5,2,3,1,4,3
1205869978,Tableau,6,2,3,2,7,3,6,5,7,6,4,6,5,6,6,2,4,3,4,5,6,5,3,4,2,4,3,2,1,4,2,4
1339673230,NVivo/SPSS,5,6,5,2,4,7,5,7,4,7,7,7,3,7,5,5,5,5,2,2,2,2,3,2,4,1,4,2,4,2,4,2
1766729781,Tableau,5,6,4,2,6,6,6,6,7,7,7,6,6,7,7,6,6,6,5,5,3,3,3,2,4,1,4,1,4,1,4,3
1200459716,Excel,6,6,6,2,6,6,6,6,6,6,5,4,5,6,5,5,4,6,1,1,1,1,2,3,4,1,4,2,4,2,4,3
2131585415,Power BI,3,5,3,2,5,5,6,5,6,6,5,2,2,5,5,5,6,4,4,4,4,4,3,3,3,4,4,3,3,3,4,2
1294407334,Power BI,6,6,6,2,6,7,6,6,6,6,6,7,7,6,4,6,7,6,5,5,5,4,5,1,4,1,4,2,4,1,4,2
1882719274,Tableau,6,6,6,2,6,5,6,6,5,6,5,5,4,5,5,6,6,6,5,5,6,3,2,2,4,3,3,3,4,1,4,2
997895869,Data Studio,7,6,6,2,6,6,6,6,6,6,6,6,7,7,7,6,6,6,6,6,5,4,5,5,5,5,5,3,3,3,5,5
859134234,Excel,1,2,7,2,7,3,6,7,6,6,6,5,4,7,3,1,6,4,4,4,1,1,5,2,2,4,5,1,2,3,3,5
932944878,PowerBI,5,5,6,2,6,2,6,6,5,6,7,7,6,7,5,5,5,5,5,5,3,3,5,2,4,2,4,2,4,2,4,2
284370096,Tableau,1,3,3,2,5,7,6,6,7,6,5,5,7,6,4,2,5,2,6,6,4,4,2,4,1,2,3,3,1,3,2,5
2143177834,Gephi,3,4,3,2,7,6,7,7,7,7,7,6,5,7,7,3,7,2,6,6,2,2,5,2,3,1,5,1,2,3,4,3
1915820641,Power BI,1,2,2,2,6,7,7,6,6,6,5,6,6,7,6,3,6,4,6,6,7,5,3,3,2,1,3,2,1,3,4,4
1525435672,Tableau,4,3,3,2,5,6,5,5,4,7,6,6,6,5,4,5,6,3,5,6,7,7,4,3,3,4,5,1,2,2,4,4
37513846,Streamlit,6,6,6,2,7,6,7,6,6,6,6,6,6,7,6,6,5,6,5,6,5,5,5,2,4,2,4,2,4,2,4,2
1563334965,Tableau,4,5,4,2,5,4,6,5,6,5,6,5,5,6,5,5,6,5,6,6,5,4,4,2,3,3,3,2,4,2,4,3
368349023,AWS QuickSight,7,7,6,2,7,5,7,5,7,7,6,5,5,6,6,6,6,5,2,5,2,2,5,2,5,2,4,1,5,1,4,2
1748214382,Power BI,7,7,5,2,6,5,7,6,6,6,6,6,6,7,5,6,7,6,6,6,5,2,4,3,4,3,4,2,5,3,4,2
716877815,Power BI,6,5,6,2,7,6,6,7,6,6,6,5,5,7,6,4,6,6,4,5,6,3,4,2,4,1,4,1,4,1,5,3
1845262647,Power BI,6,6,5,2,6,5,6,6,6,6,6,6,6,7,4,6,6,6,4,4,5,6,3,2,4,3,4,4,2,3,4,4
1211989598,Power BI,4,4,3,2,3,5,5,4,5,5,5,4,5,5,6,4,6,4,5,7,5,5,4,2,3,4,4,2,3,3,4,3
1335867889,Power BI,3,3,5,2,5,5,5,7,7,6,7,6,7,7,6,2,7,3,5,5,6,5,4,4,5,4,4,2,1,4,2,3
994653189,Tableau,2,2,2,2,3,3,3,7,6,6,5,6,7,7,3,2,5,2,5,6,5,5,4,4,2,2,4,2,2,4,3,5
553357237,Gephi,5,5,6,2,6,6,5,5,6,6,7,7,7,7,7,2,6,6,7,7,7,5,5,3,3,2,4,2,1,3,3,5
1122402820,Power BI,6,6,6,2,7,6,5,7,7,7,6,6,7,7,7,7,7,7,7,7,7,7,5,1,5,1,5,1,5,1,5,1
1564399477,Data Studio,7,7,6,2,7,6,7,6,7,7,7,7,6,7,7,7,6,7,7,7,6,7,5,1,1,2,5,1,4,1,5,1
1615005964,Tableau,6,6,6,2,6,5,6,6,6,6,6,6,6,6,6,6,6,6,6,6,6,5,4,2,4,1,4,2,4,1,4,2
1093865409,Power BI,6,5,5,2,6,6,4,6,7,7,6,5,4,6,7,7,7,5,6,3,1,5,2,1,4,2,5,1,3,1,3,4
400273160,Tally ERP,7,6,7,2,7,7,7,7,6,6,7,6,7,7,7,6,7,7,6,7,4,5,5,3,5,5,5,2,4,3,5,2
1315070696,Tableau,6,6,5,2,6,5,7,7,6,6,6,7,7,7,6,5,7,6,5,3,4,5,5,3,3,3,4,2,4,3,4,5
874906764,Power BI,7,7,6,2,7,6,7,7,7,6,7,7,7,6,7,7,7,7,6,7,7,6,5,1,5,1,5,1,5,1,5,1
1359875422,Power BI,6,6,6,2,6,6,6,6,6,6,6,6,6,6,6,6,6,6,6,6,6,6,4,3,4,3,4,3,4,3,4,4
1403896802,Power BI,6,6,6,2,6,5,6,6,5,7,5,5,4,6,5,6,5,5,4,5,2,2,3,3,4,2,4,2,3,2,3,3
874843302,Power BI,6,6,6,2,6,5,5,7,6,6,7,7,7,7,6,6,6,6,7,7,6,6,5,2,4,2,4,2,4,2,4,3
900224914,Tableau,7,7,7,2,7,7,7,7,7,7,7,7,7,7,7,7,7,7,7,7,7,7,5,1,5,1,5,1,5,1,5,1
1124991437,Excel,6,6,6,2,7,6,7,5,6,7,6,6,6,7,7,7,6,6,7,5,3,2,4,2,5,1,4,2,5,2,5,3
1140281166,Tableau,5,5,6,2,6,6,6,7,6,6,7,6,7,6,7,5,7,5,7,6,5,5,5,1,4,3,5,1,4,4,4,4
1396563841,Power BI,4,4,5,2,6,6,6,5,5,6,5,5,5,6,3,3,3,3,4,5,3,4,3,2,3,2,4,3,2,3,3,3
1883087916,Power BI,5,4,6,2,7,6,5,7,6,6,5,6,6,6,6,4,6,2,3,5,6,4,4,3,3,2,4,2,4,2,4,4
1741448893,Power BI,5,6,5,2,5,6,5,6,6,6,6,5,5,6,6,5,6,6,4,5,4,4,4,2,4,2,4,2,4,2,4,3
688255865,AWS QuickSight,4,6,5,2,5,4,4,5,6,5,5,7,6,7,6,5,5,4,6,6,5,6,5,4,4,4,3,3,4,3,4,5
1318990432,Power BI,5,5,6,2,6,6,5,7,7,7,6,6,5,7,6,4,6,5,4,5,5,5,5,2,4,2,4,1,4,2,4,2
698819494,Power BI,5,5,6,2,5,5,5,5,6,6,6,6,7,6,5,3,4,4,5,5,5,6,3,2,3,3,4,2,3,2,2,4
918544591,Tableau,6,7,7,2,6,6,7,7,6,7,6,7,7,7,7,6,7,7,7,7,6,7,5,4,4,5,5,4,4,5,5,5
553805631,Power BI,6,6,5,2,6,5,6,6,6,6,6,6,5,6,7,7,7,7,7,7,7,7,5,2,5,2,4,2,5,2,4,2
2110824156,Power BI,6,6,6,2,6,6,6,6,6,6,6,7,6,7,6,6,6,6,5,5,5,5,4,2,4,2,4,2,3,2,4,3
1803798191,Power BI,5,4,5,2,5,4,6,6,6,5,6,6,5,7,6,5,6,5,6,6,2,6,2,4,3,3,2,3,2,4,2,2
160325607,Power BI,6,6,6,2,6,6,6,6,6,7,7,6,6,7,6,5,7,6,5,6,6,6,5,2,4,1,5,2,3,2,5,4
596948835,Tableau,5,6,6,2,5,5,5,6,7,7,6,5,6,7,6,6,6,7,7,6,6,6,4,2,5,1,5,2,5,1,5,1
381177351,Power BI,6,6,5,2,6,6,7,6,6,6,7,7,6,7,7,4,7,6,7,7,6,4,5,2,4,3,4,2,3,2,4,4
896039418,Power BI,5,6,5,2,5,5,7,6,6,6,6,5,6,7,6,6,7,6,5,6,5,5,4,2,4,2,4,2,4,2,4,3
1576002137,Power BI,5,5,5,2,6,6,6,6,6,6,6,6,6,6,7,6,7,6,6,7,6,6,4,2,4,3,4,2,3,2,4,3
1089403654,Tableau,6,6,6,2,6,7,6,6,6,7,7,7,6,6,6,6,6,6,5,6,6,6,4,1,4,2,5,1,4,1,5,3
1714315212,Power BI,6,6,6,2,7,7,7,7,7,7,7,7,7,7,7,6,7,6,7,7,6,6,5,2,5,1,5,1,5,1,5,1
457056357,Power BI,3,4,2,2,4,5,4,5,6,6,5,4,3,6,4,3,5,4,3,4,2,3,2,3,2,2,3,2,1,4,3,4
1660664264,Power BI,3,2,2,2,5,5,4,5,4,5,4,3,5,5,5,3,3,2,1,2,2,4,3,4,3,3,3,4,3,3,2,4
1583341806,Power BI,3,5,3,2,7,5,7,7,6,6,7,5,3,6,5,4,7,3,6,5,4,6,2,4,3,4,5,2,1,3,2,5
2136415170,Power BI,5,5,5,2,6,6,7,7,7,7,7,7,7,7,7,6,7,6,5,6,6,6,4,2,4,4,4,2,2,3,4,2
2126977592,Power BI,5,5,5,2,5,5,6,5,5,6,5,4,5,4,5,5,6,5,4,5,6,6,3,4,3,4,4,3,2,3,3,5
85274297,Power BI,6,6,7,2,6,6,6,5,6,7,5,6,4,6,7,6,7,7,4,5,5,6,4,4,5,2,4,1,4,2,4,3
894914305,Power BI,6,6,5,2,7,7,7,7,7,7,6,6,7,5,6,5,6,5,7,7,4,5,5,2,4,2,4,1,3,1,3,3
1930997507,Data Studio,7,6,6,2,7,7,7,7,7,7,7,7,7,7,7,7,7,7,7,7,7,7,5,1,5,2,4,1,4,4,3,2
1530389380,Power BI,5,6,6,2,6,6,6,6,6,7,7,6,7,7,6,5,6,6,7,7,7,6,5,2,4,2,4,2,4,1,5,3
539459298,Power BI,6,6,4,2,6,2,5,4,6,6,6,7,5,7,6,5,7,7,7,7,7,5,4,1,4,3,4,1,3,1,4,1
1647639038,Excel,6,7,7,2,7,5,7,6,7,7,6,6,4,7,6,7,6,7,4,4,4,4,4,1,5,1,4,1,4,1,4,2
1654473888,Power BI,7,6,6,2,6,6,6,7,6,7,5,6,4,6,6,6,6,7,5,7,6,6,4,2,4,2,3,3,4,3,4,4
1046282114,Power BI,5,6,6,2,7,5,6,6,6,6,6,6,7,6,5,5,5,5,3,3,4,4,4,2,5,2,4,2,3,2,4,2
1355940705,Data Studio,5,5,6,2,5,5,5,5,5,5,5,5,5,5,5,4,6,6,6,6,5,4,4,2,4,3,4,2,4,2,4,3
7549886,Power BI,7,6,6,2,7,6,7,6,6,7,7,6,6,7,7,6,7,6,5,6,4,5,5,2,5,1,4,2,4,1,5,3
1002747943,Tableau,6,7,6,2,6,5,6,6,6,6,6,7,7,6,6,6,7,6,6,6,4,5,4,1,4,2,4,1,3,1,4,3
1066929673,Qlik,5,6,4,2,6,6,7,6,6,7,7,6,7,6,6,5,6,7,1,6,6,4,4,2,5,5,4,4,5,3,4,4
529791368,AWS QuickSight,6,6,7,2,7,6,6,7,6,7,7,1,6,7,7,7,7,7,7,7,1,1,5,1,5,1,5,1,5,1,5,5
1815598325,Tableau,6,7,4,2,6,6,6,7,7,7,7,6,6,7,7,7,7,7,6,7,7,7,5,1,5,1,5,1,5,1,5,1
248908595,Data Studio,6,6,6,2,6,6,6,6,6,6,6,7,5,6,5,4,6,5,5,7,5,5,4,1,3,2,3,2,2,2,4,2
600413626,Tableau,7,6,7,2,5,6,7,6,6,7,6,6,7,7,7,6,7,7,7,7,7,7,5,2,4,2,5,1,5,1,5,3
1486961530,Data Studio,6,6,6,2,6,6,6,6,6,6,6,6,5,6,6,6,6,7,4,6,6,3,4,2,4,2,4,2,4,3,4,2
1200836915,Tableau,5,5,4,2,5,7,6,6,6,6,6,5,6,6,5,5,5,3,5,6,4,5,4,2,4,4,4,2,4,2,4,3
1090871892,JMP,7,7,7,2,6,6,6,7,7,7,7,7,6,7,7,7,7,7,7,7,7,7,5,1,5,1,5,1,4,1,5,2
865186315,Data Studio,7,6,6,2,5,6,6,6,7,7,7,7,6,7,7,7,6,7,6,6,6,5,4,3,5,5,5,2,4,1,5,2
1812549497,AWS QuickSight,7,7,6,7,6,6,5,6,6,5,6,5,6,6,4,5,5,4,4,5,5,4,3,2,3,2,3,3,2,2,3,3
974692653,Tableau,5,6,6,2,7,5,7,6,6,6,6,7,7,7,5,6,6,5,5,7,6,5,5,1,4,1,4,1,2,1,4,3
14967956,Tableau,6,7,7,7,7,7,6,6,7,7,6,7,7,7,7,6,7,7,6,6,7,7,5,4,4,3,4,2,3,2,4,4
1788360479,Data Studio,6,5,6,2,6,6,5,6,6,7,6,6,6,7,6,6,7,6,5,4,4,5,4,1,4,1,5,1,4,1,4,2
1870707804,Datawrapper,6,6,7,2,6,5,7,6,6,6,6,6,4,6,6,6,6,7,5,5,5,2,4,1,5,1,4,2,3,2,4,1
126901897,Tableau,6,6,6,2,5,7,6,6,7,6,7,7,7,7,6,6,6,6,7,7,5,6,4,1,4,1,4,1,4,1,4,2
796883701,Tableau,5,5,5,2,6,6,6,6,6,6,6,6,6,7,6,6,7,6,7,7,6,7,4,2,4,3,4,3,3,4,4,2
435668131,Tableau,5,6,5,2,6,5,6,5,6,6,5,6,5,6,6,5,6,6,5,6,5,5,4,2,4,2,4,2,4,2,4,2
388616482,Tableau,5,6,4,2,7,3,6,5,6,7,7,3,5,6,4,6,5,4,5,5,6,6,4,2,3,2,4,3,2,4,5,5
1939793210,Data Studio,6,4,5,2,5,3,6,7,6,6,6,7,6,5,6,4,5,3,4,7,5,7,4,3,4,5,3,4,3,4,3,4
444273974,Data Studio,5,6,5,2,7,5,7,7,7,7,6,5,7,7,7,5,7,5,4,5,3,3,5,3,4,2,3,2,4,1,5,2
47087977,Data Studio,5,5,4,2,5,4,5,4,5,2,4,5,5,5,5,3,5,5,4,6,4,5,3,2,4,3,3,2,4,2,4,3
97089834,Tableau,3,3,4,2,6,5,5,6,6,7,6,6,5,7,6,5,7,5,4,4,6,5,5,3,4,3,4,2,3,2,4,3
579571523,Data Studio,5,5,5,2,5,5,5,5,6,6,5,6,6,6,6,5,6,6,5,6,5,4,3,3,3,2,3,1,3,2,3,3
1700667087,Tableau,3,5,6,2,6,6,7,4,6,5,6,7,7,7,6,6,6,7,6,5,6,7,4,1,4,3,4,4,5,1,4,3
1148690733,Data Studio,6,6,5,2,5,5,7,5,6,6,4,4,4,4,5,6,6,6,3,4,4,4,3,2,4,3,4,2,3,2,4,3
610380954,JMP,6,7,6,2,6,6,7,6,6,6,6,7,6,6,6,6,6,7,7,7,2,7,5,2,4,1,5,3,2,4,5,1
1872104363,Tableau,6,7,6,2,7,7,6,6,7,6,7,7,6,7,6,7,7,6,6,6,7,7,4,4,5,5,4,4,5,4,4,5
1611042404,Tableau,5,5,5,2,5,6,5,5,6,6,6,5,7,6,6,5,5,5,4,6,5,5,3,3,4,2,4,2,3,2,3,2
146944878,Tableau,6,6,6,2,6,6,6,6,6,6,6,6,6,6,6,6,5,5,6,6,6,6,4,2,5,1,4,1,4,1,5,2
1281578755,Tableau,6,6,6,2,7,6,6,6,7,7,6,6,6,7,6,6,6,6,5,6,5,5,4,2,4,2,4,2,4,2,4,2
1578823638,Data Studio,6,6,6,2,6,5,6,6,6,6,6,5,6,6,6,6,6,6,5,5,4,4,4,2,4,2,4,2,4,2,4,2
1521919132,Data Studio,5,5,5,2,5,5,6,5,6,6,5,6,5,6,5,5,5,5,5,5,5,5,4,2,4,2,4,2,4,2,4,2
221351431,Gephi,5,5,6,2,4,4,5,5,5,5,5,6,6,6,5,3,5,4,6,5,6,6,3,4,3,3,4,2,3,3,3,4
109466946,Data Studio,6,6,7,2,5,7,6,7,7,7,7,7,7,7,6,7,7,6,7,7,7,7,5,1,5,1,5,1,4,1,4,1
851076119,Tableau,5,6,3,2,7,6,6,7,7,7,6,6,5,7,7,6,7,5,4,6,5,6,5,3,4,2,4,1,3,2,5,3
1624392644,Tableau,6,7,6,2,7,6,7,7,7,7,6,6,7,7,7,7,7,7,6,6,5,5,5,2,4,2,4,2,4,3,4,2
487151470,Tableau,5,5,5,2,6,5,6,6,6,6,6,6,7,6,5,3,5,4,7,7,5,7,3,3,2,2,3,4,2,3,2,4
1654421527,Talend,6,6,3,2,4,3,5,6,5,6,6,7,6,7,6,6,5,6,6,6,5,5,3,2,4,2,4,2,4,2,4,2
865736672,JMP,5,5,6,2,6,5,6,5,6,7,7,7,6,7,6,6,5,5,6,6,5,5,4,3,4,5,4,3,3,4,4,4
1725773382,Tableau,6,6,5,2,6,6,6,6,6,7,6,6,5,7,6,6,6,6,5,6,5,5,4,2,4,2,4,2,4,2,4,2
1201204871,zerodha,6,6,6,2,7,6,6,7,7,7,7,6,7,7,6,6,7,6,5,6,5,5,5,2,4,1,4,2,4,2,5,3
216971323,Data Studio,6,6,6,2,6,6,6,6,6,6,6,6,6,6,7,7,7,7,5,7,6,5,5,2,4,2,3,2,5,2,5,3
1801263926,Data Studio,6,6,6,2,6,5,5,5,6,5,5,5,5,5,5,5,6,5,5,5,6,6,4,2,4,4,4,1,4,1,5,3
1896443942,Tableau,5,6,6,2,6,6,6,7,7,7,6,7,6,6,7,4,5,4,6,6,5,5,3,2,3,2,3,1,2,2,3,4
1635515593,Tableau,6,6,7,2,6,5,7,7,6,6,7,7,5,6,6,7,6,6,5,6,5,5,4,2,4,3,4,1,4,3,4,3
413982115,JMP,7,7,6,2,6,7,7,7,7,6,7,7,6,7,7,7,7,7,6,6,7,4,5,1,4,1,5,1,5,1,5,2
223782274,Data Studio,2,4,2,2,6,7,7,5,7,6,6,6,7,7,7,4,5,2,4,7,7,7,5,3,5,4,4,4,2,2,3,4
1221470694,Data Studio,7,6,6,2,7,6,7,7,6,6,6,7,6,7,7,5,7,5,6,6,7,6,4,5,4,5,4,5,4,5,4,5
807734364,Data Studio,6,6,7,2,6,6,6,7,6,6,7,7,6,7,7,6,7,6,7,7,7,7,5,2,4,1,5,1,5,2,5,2
758217336,Tableau,6,6,6,2,6,6,6,6,6,6,6,6,6,6,6,7,7,7,6,6,7,5,5,1,5,2,4,4,5,1,5,2
1369459962,Tableau,7,7,7,2,7,7,7,7,7,7,7,7,7,7,7,7,7,7,7,7,7,7,5,1,5,5,5,5,5,5,5,1
1381115273,Data Studio,6,6,6,2,6,5,6,6,6,6,6,6,5,6,6,6,6,6,5,5,4,4,4,2,4,2,4,2,4,2,4,2
894223614,Data Studio,6,5,5,2,6,5,6,5,6,6,6,6,7,6,6,5,6,5,6,6,6,5,4,2,4,2,4,2,4,1,4,2
189117829,Data Studio,6,6,6,2,6,7,7,7,7,7,7,7,7,7,7,6,7,6,4,5,5,5,5,1,5,1,5,1,3,1,5,2
2091313258,Data Studio,6,6,5,2,6,6,7,7,6,6,7,6,5,7,6,6,7,7,7,7,6,6,5,1,4,2,4,1,4,1,4,2
774539036,Data Studio,6,6,5,2,6,5,6,6,6,5,6,6,5,6,6,6,6,6,5,6,5,6,5,2,4,5,5,5,5,5,5,5
988229469,Data Studio,6,6,6,2,6,6,7,7,7,7,7,6,7,7,6,6,7,6,6,6,6,6,4,2,4,3,4,2,4,3,3,2
1554223344,Data Studio,6,6,7,2,7,6,5,6,6,5,6,7,6,6,7,7,6,5,7,6,6,5,5,4,4,3,3,4,4,2,4,3
1374763889,Data Studio,6,6,5,2,6,5,6,6,6,7,6,5,5,7,6,5,6,6,4,5,5,5,5,2,4,1,4,1,5,1,4,2
1935445942,Data Studio,7,7,6,2,7,6,7,7,6,7,7,6,7,6,6,6,5,6,6,7,6,6,5,1,4,1,5,1,4,1,5,1
289379089,Data Studio,5,6,6,2,5,5,5,6,6,7,6,5,5,6,6,5,5,5,6,6,7,6,4,1,3,3,4,1,3,2,4,2
238109360,Data Studio,6,6,6,2,6,5,7,5,6,6,6,6,6,7,6,6,5,6,6,5,6,5,4,1,3,1,4,1,4,1,4,1
3864603,Data Studio,5,6,6,2,6,5,5,5,5,6,7,6,4,5,5,6,6,6,6,6,5,6,3,2,4,2,4,2,4,2,4,2
1498811728,Data Studio,6,6,6,2,6,6,6,7,7,7,6,6,6,6,6,6,6,6,5,5,4,4,5,2,5,1,4,2,4,1,5,2
1890557399,Data Studio,7,7,7,2,6,7,7,7,7,6,7,7,7,7,7,7,7,7,7,6,7,6,4,2,5,1,4,4,5,2,5,1
211902995,Data Studio,6,6,4,2,5,4,5,4,6,6,7,4,5,6,6,7,5,6,4,4,3,2,3,2,4,2,3,1,5,2,3,2
1883578984,Data Studio,6,7,7,2,6,7,7,6,7,6,6,7,7,7,7,7,7,7,7,7,7,7,5,1,4,4,5,1,4,3,5,5
1040020478,Data Studio,1,2,2,2,5,4,2,6,7,7,7,3,5,7,6,2,7,1,3,4,1,1,5,5,2,5,3,1,2,3,3,5
1547367062,Data Studio,6,6,5,2,6,6,6,6,7,7,6,6,5,6,6,6,6,6,5,5,5,5,4,2,4,4,5,2,4,1,4,2
1122159794,Data Studio,6,6,6,2,6,6,6,6,6,6,6,6,6,6,6,4,6,5,6,5,6,5,4,2,4,4,4,2,4,2,4,4
318340710,Data Studio,6,6,6,2,6,6,7,6,6,6,6,6,6,6,7,6,6,6,6,7,6,6,4,1,4,1,4,1,4,1,4,1
36508745,Data Studio,7,6,6,2,6,6,6,6,7,5,6,6,6,7,4,3,5,3,6,5,3,5,4,3,4,4,4,4,3,4,4,4
1203480258,Data Studio,6,6,6,2,6,5,7,5,7,6,7,7,5,7,4,6,5,6,4,5,4,4,4,1,5,1,4,2,3,2,4,2
791843556,Data Studio,5,5,4,2,6,5,6,5,5,6,5,5,4,6,6,5,5,6,4,4,3,3,4,2,4,2,4,2,4,2,4,2
2137288286,JMP,6,5,7,2,6,6,5,6,6,7,6,7,6,7,3,2,7,3,5,7,2,6,4,2,2,3,4,1,3,2,3,4
1227942323,JMP,5,5,5,2,5,5,5,5,5,5,5,5,5,5,7,7,7,7,6,6,4,4,4,2,4,2,4,2,4,2,4,2
2039863733,JMP,3,4,5,2,5,4,5,6,7,6,5,6,5,6,3,6,6,5,4,6,7,5,4,5,4,1,4,2,3,1,4,3
1945733875,JMP,3,5,4,2,5,4,6,6,6,7,5,5,5,6,6,5,5,5,4,6,3,3,3,2,2,3,4,1,4,3,4,2
1002741528,JMP,6,7,6,2,6,7,7,6,7,7,6,5,6,7,7,6,7,6,5,7,6,6,5,1,4,1,5,1,4,1,4,1
2064775461,JMP,5,3,5,2,7,7,7,7,7,7,7,5,6,7,5,6,7,5,4,6,4,3,1,2,4,4,4,2,4,3,2,4
509094822,JMP,5,5,5,2,4,6,6,6,7,7,7,5,5,7,6,5,6,5,4,5,5,5,4,2,4,1,4,2,3,3,3,2
2123505160,JMP,3,5,3,2,4,4,6,5,7,6,6,5,4,7,6,4,5,5,5,4,3,3,3,2,3,2,4,2,3,2,3,2
531938604,JMP,7,7,6,2,7,6,7,5,7,6,7,7,7,6,6,6,7,7,7,7,6,5,5,1,2,1,5,2,4,3,2,2
1754629784,JMP,7,7,6,2,7,6,6,6,6,7,6,6,6,6,6,7,7,7,6,6,5,5,4,1,5,1,4,1,4,1,4,1
1951200653,JMP,7,7,7,2,7,7,7,7,7,7,7,7,7,7,6,6,7,6,5,5,6,6,5,1,5,2,4,1,4,2,5,4
1027312250,JMP,6,5,6,2,5,7,6,4,6,6,6,5,4,7,5,5,6,7,4,6,5,5,3,2,4,3,4,2,4,3,3,4
2002307349,JMP,5,5,6,2,5,5,5,5,6,6,6,5,6,6,6,4,6,5,5,5,6,6,4,3,3,3,4,3,2,3,3,4
1065024941,JMP,6,6,5,2,5,5,5,5,6,6,5,5,6,6,6,5,5,4,6,5,4,5,4,3,3,3,3,3,4,3,4,3
1041499611,JMP,7,6,6,2,7,7,7,7,7,7,6,7,7,6,7,6,6,5,5,6,5,5,4,3,3,3,3,4,4,3,4,4
823816863,JMP,6,7,6,2,7,5,7,6,7,7,7,7,6,7,7,7,7,7,7,7,7,7,5,4,5,2,4,1,3,3,5,1
760534085,JMP,6,6,6,2,6,6,6,6,6,6,6,6,6,6,7,7,7,7,7,7,7,7,5,1,5,1,5,1,5,1,5,2
740673864,JMP,6,6,5,2,6,5,7,6,6,6,6,6,7,7,7,6,6,6,5,6,2,2,4,2,3,2,4,2,4,2,4,3
234187413,JMP,7,7,7,2,7,7,7,7,7,7,7,7,7,7,7,6,7,7,6,7,7,7,4,1,5,2,5,1,5,1,5,5
114908223,JMP,6,6,5,2,6,4,6,5,6,5,7,6,5,6,5,6,6,6,4,5,5,5,3,2,4,2,3,2,4,2,4,3
723167296,JMP,5,6,5,2,6,6,6,6,6,6,6,6,6,6,6,5,6,6,5,5,4,5,4,2,4,4,4,2,3,3,4,2
2037354499,JMP,6,6,6,5,5,6,5,6,5,5,5,6,6,6,7,7,6,6,6,6,7,6,4,3,4,4,4,3,4,4,4,5
1614260584,JMP,4,5,6,2,5,5,6,5,6,6,6,6,5,5,5,5,6,4,5,6,4,5,3,2,4,2,4,2,3,3,4,2
1694026086,JMP,4,6,6,2,6,5,6,6,7,7,6,6,5,7,6,5,7,5,3,4,2,3,4,2,4,1,5,1,3,1,3,2
578396068,JMP,3,5,6,2,6,6,7,6,7,6,6,6,5,7,6,4,6,6,5,7,4,5,4,3,4,2,4,3,4,2,5,2
1470176034,JMP,6,7,7,2,7,5,7,6,6,6,7,6,6,7,7,6,7,7,7,6,6,6,4,1,1,4,4,1,5,5,5,4
892211894,JMP,6,7,6,2,7,7,6,7,6,7,7,7,7,6,7,6,6,7,6,6,7,6,5,1,5,2,4,1,4,1,4,4
617056828,JMP,3,4,4,2,6,5,4,7,5,6,5,5,6,6,4,2,5,3,4,6,3,5,4,3,2,3,3,3,1,3,2,4
1087705069,JMP,5,5,4,2,5,6,5,6,6,6,5,5,5,6,5,5,6,5,6,5,5,4,4,2,4,3,4,2,4,3,3,3
1763030848,JMP,4,7,5,2,4,4,5,5,7,7,7,6,4,7,7,6,5,6,3,3,3,4,5,1,5,1,4,2,3,3,5,3
1053269030,JMP,5,6,6,2,7,7,7,7,7,7,6,7,7,7,6,6,7,6,5,6,5,5,4,1,4,1,4,1,4,1,5,3
382762375,JMP,7,6,6,2,6,6,7,5,6,6,7,6,6,6,7,6,7,6,5,5,4,6,4,1,4,5,4,1,3,1,4,4
1090423504,JMP,6,6,6,2,6,6,6,6,6,6,6,6,6,7,7,7,7,7,7,7,7,1,4,2,4,2,4,2,4,2,4,2
251594679,JMP,5,5,6,2,6,4,5,7,5,6,6,5,5,5,6,5,5,4,4,5,3,3,3,3,4,4,4,2,3,2,4,5
1173204791,JMP,7,6,6,2,3,7,6,6,5,5,7,7,7,7,7,7,7,7,7,7,7,7,5,1,5,3,4,2,4,5,5,2
931819519,JMP,6,6,6,2,6,6,6,6,6,6,6,6,6,6,7,4,7,5,7,7,7,7,4,2,4,4,4,2,4,2,4,3
1284712706,Excel,3,3,3,2,6,7,6,5,5,6,5,5,4,6,3,2,3,3,2,1,4,2,1,4,2,3,4,2,3,4,4,2
1657385912,Excel,7,6,5,2,7,4,5,6,7,7,7,5,6,7,6,5,7,3,4,3,4,3,4,2,4,4,2,3,5,3,4,5
1537520580,Excel,7,7,6,2,7,7,7,7,6,6,7,7,6,7,7,7,7,7,7,7,7,7,5,1,5,3,5,1,4,1,5,3
799717003,Excel,6,6,6,2,6,6,7,7,7,6,7,7,6,7,7,7,6,6,5,5,4,3,4,2,4,1,3,2,3,1,3,2
1950584027,Excel,5,5,6,2,6,6,7,7,6,7,6,6,6,6,6,5,6,6,4,4,2,4,5,3,4,4,4,3,3,3,4,2
2144449168,Excel,5,6,6,2,5,5,3,5,5,5,6,6,4,6,5,7,6,6,5,5,6,5,4,2,4,2,3,2,4,2,4,3
2129304939,Excel,6,6,6,2,7,4,6,7,6,7,6,6,2,7,6,4,7,4,3,3,5,5,4,2,4,2,4,1,3,2,4,3
388308666,Excel,7,7,6,2,7,6,7,7,6,7,7,6,7,7,6,7,7,7,5,6,6,7,5,1,4,1,5,2,4,3,5,3
1388935098,Excel,5,5,5,2,6,6,7,7,6,6,6,6,6,6,6,5,6,4,5,6,6,4,4,3,4,3,4,2,4,4,4,4
184906911,Excel,5,6,6,2,4,5,6,5,6,6,6,7,6,6,5,4,5,5,3,6,4,6,3,4,5,4,3,4,3,4,4,4
718357415,Excel,6,6,6,2,6,6,6,6,6,6,6,6,6,6,6,6,6,6,6,6,2,2,5,2,4,1,4,2,3,2,4,4
551554932,Excel,5,5,4,2,6,4,6,6,6,5,6,6,4,6,6,5,6,5,4,5,5,4,4,1,4,1,4,1,4,3,4,3
1865131227,Excel,3,3,4,2,5,4,5,6,5,6,6,5,6,6,5,4,6,4,5,5,3,4,4,3,5,3,4,2,3,4,4,4
1842593871,Excel,6,6,6,2,5,5,6,6,5,6,6,6,5,6,6,6,6,6,4,5,2,3,4,3,4,3,3,4,5,2,3,3
1374822522,Excel,7,7,7,2,7,7,7,7,7,7,7,7,7,7,7,3,7,7,7,7,7,6,5,2,4,1,4,1,3,1,5,3
1117509554,Excel,7,6,7,2,5,5,6,6,7,7,7,6,6,7,6,5,7,4,5,5,4,6,5,1,4,1,5,2,4,1,4,2
549706751,Excel,6,4,4,2,6,7,7,7,7,6,7,5,6,7,6,5,4,6,6,6,6,6,4,2,4,4,4,2,4,2,2,4
259862117,Excel,6,7,6,2,6,5,6,7,6,7,7,6,6,7,7,7,7,6,6,6,4,4,5,1,4,1,4,1,4,3,4,2
646517781,Excel,7,7,7,2,7,7,7,7,7,7,7,7,7,7,7,6,7,6,7,7,5,4,5,1,5,1,5,1,4,1,5,2
14649853,Excel,5,5,6,2,6,4,6,6,6,6,6,5,5,6,6,6,6,6,4,5,6,5,4,1,4,2,4,1,4,1,3,2
232187531,Excel,7,7,6,2,7,7,7,7,7,7,7,7,6,7,7,7,7,7,7,7,1,7,5,1,5,1,2,1,4,4,5,3
709666755,Excel,5,6,7,2,7,6,7,7,7,7,7,6,6,7,7,5,7,6,6,6,3,4,5,2,4,1,5,1,4,2,4,4
1614216812,Excel,3,4,3,2,5,5,6,6,6,6,7,6,5,7,5,3,7,5,5,6,6,5,4,3,4,2,4,1,2,3,4,4
15308611,Excel,6,7,7,2,7,6,7,7,6,6,5,6,7,6,5,6,4,6,3,5,2,3,4,1,5,1,4,1,4,2,5,2
580284189,Excel,7,7,7,2,7,7,7,7,5,7,7,7,2,7,7,7,7,7,7,7,5,2,5,2,1,1,3,1,5,1,5,1
617695464,Excel,6,4,5,2,5,5,6,6,6,6,6,4,4,5,5,2,6,3,4,4,3,3,3,4,3,2,3,2,1,2,2,5
1577465896,Excel,4,4,5,2,7,7,7,6,6,6,6,4,2,6,5,5,6,5,3,3,1,1,4,3,3,2,5,2,3,2,4,3
868875017,Excel,7,6,6,2,6,5,7,6,6,7,7,5,6,6,5,3,6,6,3,5,4,2,4,2,3,1,4,2,3,1,4,5
1470007809,Excel,5,3,5,2,6,4,5,6,6,6,6,6,6,6,4,5,6,5,5,6,5,5,4,3,3,3,3,2,3,2,4,4
