"item1","item2","r","group1","group2","within_construct","p","n"
"P064","P301",0.408209581059384,"Cognitive_value","Cognitive_value",TRUE,1.90709784728044e-10,225
"P060","P064",0.58921080634416,"Cognitive_value","Cognitive_value",TRUE,2.01247534290697e-22,225
"P060","P301",0.545568828036771,"Cognitive_value","Cognitive_value",TRUE,6.30061402726746e-19,226
"P027","P064",0.357001668485693,"Cognitive_value","Cognitive_value",TRUE,3.89875639480083e-08,224
"P027","P301",0.621039447831171,"Cognitive_value","Cognitive_value",TRUE,2.16957850733554e-25,225
"P027","P060",0.490878693706858,"Cognitive_value","Cognitive_value",TRUE,4.78446240499121e-15,225
"P064","P088",0.299922433440712,"Cognitive_value","Intuitiveness",FALSE,4.65760092475419e-06,225
"P064","P4026A",0.281840434012901,"Cognitive_value","Intuitiveness",FALSE,1.77569774853436e-05,225
"P301","P4026A",0.298939402815413,"Cognitive_value","Intuitiveness",FALSE,4.78146111857419e-06,226
"P060","P088",0.527624771574084,"Cognitive_value","Intuitiveness",FALSE,1.34643524908286e-17,226
"P060","P4026A",0.498826300276719,"Cognitive_value","Intuitiveness",FALSE,1.2752455747887e-15,226
"P027","P088",0.500521586306843,"Cognitive_value","Intuitiveness",FALSE,1.14263479112302e-15,225
"P027","P4026A",0.427080828642439,"Cognitive_value","Intuitiveness",FALSE,2.17246870559184e-11,225
"P064","SUS_1",0.485289360919438,"Cognitive_value","SUS",FALSE,1.0751489317862e-14,225
"P064","SUS_2",0.221189127532912,"Cognitive_value","SUS",FALSE,0.00083527205380131,225
"P064","SUS_3",0.322362068990583,"Cognitive_value","SUS",FALSE,7.77085814469874e-07,225
"P064","SUS_4",0.0950059389483469,"Cognitive_value","SUS",FALSE,0.15550104496209,225
"P064","SUS_5",0.271749122716793,"Cognitive_value","SUS",FALSE,3.60326040451169e-05,225
"P064","SUS_6",0.0265320093538423,"Cognitive_value","SUS",FALSE,0.692228108783056,225
"P064","SUS_7",0.194018250549643,"Cognitive_value","SUS",FALSE,0.00347925855293838,225
"P064","SUS_8",0.0924159797691982,"Cognitive_value","SUS",FALSE,0.167132412208544,225
"P064","SUS_9",0.252128624392928,"Cognitive_value","SUS",FALSE,0.000131940976193193,225
"P064","SUS_10",0.0153661836323884,"Cognitive_value","SUS",FALSE,0.818695994455326,225
"P301","SUS_1",0.536037572279334,"Cognitive_value","SUS",FALSE,3.27773522594374e-18,226
"P301","SUS_2",0.195179670205414,"Cognitive_value","SUS",FALSE,0.00321587544908681,226
"P301","SUS_3",0.24471680538703,"Cognitive_value","SUS",FALSE,0.000203085585858339,226
"P301","SUS_4",0.232715620035261,"Cognitive_value","SUS",FALSE,0.000419282294631544,226
"P301","SUS_5",0.350583468039002,"Cognitive_value","SUS",FALSE,6.1627808767836e-08,226
"P301","SUS_6",0.223265694148908,"Cognitive_value","SUS",FALSE,0.000723326471339614,226
"P301","SUS_7",0.224327289888257,"Cognitive_value","SUS",FALSE,0.000681098285746587,226
"P301","SUS_8",0.0843045253403887,"Cognitive_value","SUS",FALSE,0.206734375407662,226
"P301","SUS_9",0.37608420750507,"Cognitive_value","SUS",FALSE,5.2774226225526e-09,226
"P301","SUS_10",0.117071822877477,"Cognitive_value","SUS",FALSE,0.0790439586111922,226
"P060","SUS_1",0.469152741818207,"Cognitive_value","SUS",FALSE,9.04784692848454e-14,226
"P060","SUS_2",0.293050476096606,"Cognitive_value","SUS",FALSE,7.4702785930698e-06,226
"P060","SUS_3",0.351491766410554,"Cognitive_value","SUS",FALSE,5.66690372072925e-08,226
"P060","SUS_4",0.162449984184392,"Cognitive_value","SUS",FALSE,0.0144900826670054,226
"P060","SUS_5",0.233133287710827,"Cognitive_value","SUS",FALSE,0.00040908699637579,226
"P060","SUS_6",0.11328819399637,"Cognitive_value","SUS",FALSE,0.0892955451876155,226
"P060","SUS_7",0.215317123553514,"Cognitive_value","SUS",FALSE,0.00112490263798657,226
"P060","SUS_8",0.113606612414812,"Cognitive_value","SUS",FALSE,0.0883937332901167,226
"P060","SUS_9",0.380958662450349,"Cognitive_value","SUS",FALSE,3.21826989235741e-09,226
"P060","SUS_10",0.197683288415221,"Cognitive_value","SUS",FALSE,0.00283704459092856,226
"P027","SUS_1",0.511775947481621,"Cognitive_value","SUS",FALSE,2.02687429047261e-16,225
"P027","SUS_2",0.375542616769196,"Cognitive_value","SUS",FALSE,6.02566055593685e-09,225
"P027","SUS_3",0.392967642678231,"Cognitive_value","SUS",FALSE,1.00113252847092e-09,225
"P027","SUS_4",0.218968048436802,"Cognitive_value","SUS",FALSE,0.000944882188216573,225
"P027","SUS_5",0.375375231218331,"Cognitive_value","SUS",FALSE,6.12735144271563e-09,225
"P027","SUS_6",0.342989133632341,"Cognitive_value","SUS",FALSE,1.31220699338347e-07,225
"P027","SUS_7",0.28822493818059,"Cognitive_value","SUS",FALSE,1.11860810343103e-05,225
"P027","SUS_8",0.162532141511251,"Cognitive_value","SUS",FALSE,0.0146607113782231,225
"P027","SUS_9",0.407836157652042,"Cognitive_value","SUS",FALSE,1.9881758901181e-10,225
"P027","SUS_10",0.13952644713916,"Cognitive_value","SUS",FALSE,0.0364849737055809,225
"P064","UEQ_5",0.472978348755328,"Cognitive_value","UEQ_hedonic",FALSE,6.07809194200298e-14,225
"P064","UEQ_6",0.539158585728229,"Cognitive_value","UEQ_hedonic",FALSE,2.28603350862325e-18,225
"P064","UEQ_7",0.40376794874786,"Cognitive_value","UEQ_hedonic",FALSE,3.11890145526382e-10,225
"P064","UEQ_8",0.418311793927891,"Cognitive_value","UEQ_hedonic",FALSE,6.06233481870041e-11,225
"P301","UEQ_5",0.370961868957411,"Cognitive_value","UEQ_hedonic",FALSE,8.79741274985541e-09,226
"P301","UEQ_6",0.278789270441756,"Cognitive_value","UEQ_hedonic",FALSE,2.11399095284904e-05,226
"P301","UEQ_7",0.227554697167853,"Cognitive_value","UEQ_hedonic",FALSE,0.000566295006379781,226
"P301","UEQ_8",0.193276929206525,"Cognitive_value","UEQ_hedonic",FALSE,0.0035337854688454,226
"P060","UEQ_5",0.511425982071397,"Cognitive_value","UEQ_hedonic",FALSE,1.83575062835869e-16,226
"P060","UEQ_6",0.542594840074266,"Cognitive_value","UEQ_hedonic",FALSE,1.05997056880736e-18,226
"P060","UEQ_7",0.465912981754651,"Cognitive_value","UEQ_hedonic",FALSE,1.40609306642417e-13,226
"P060","UEQ_8",0.468802553861104,"Cognitive_value","UEQ_hedonic",FALSE,9.49158426067707e-14,226
"P027","UEQ_5",0.382761636478836,"Cognitive_value","UEQ_hedonic",FALSE,2.90132881453999e-09,225
"P027","UEQ_6",0.312726078391594,"Cognitive_value","UEQ_hedonic",FALSE,1.70705419928808e-06,225
"P027","UEQ_7",0.242510396797897,"Cognitive_value","UEQ_hedonic",FALSE,0.000240315094390065,225
"P027","UEQ_8",0.261753588127734,"Cognitive_value","UEQ_hedonic",FALSE,7.06927523367974e-05,225
"P064","UEQ_1",0.370501486475077,"Cognitive_value","UEQ_pragmatic",FALSE,9.93340143137924e-09,225
"P064","UEQ_2",0.210990574682922,"Cognitive_value","UEQ_pragmatic",FALSE,0.00145686336380085,225
"P064","UEQ_3",0.349087313646692,"Cognitive_value","UEQ_pragmatic",FALSE,7.56258505608606e-08,225
"P064","UEQ_4",0.243582359977397,"Cognitive_value","UEQ_pragmatic",FALSE,0.000225044622295737,225
"P301","UEQ_1",0.481810212354622,"Cognitive_value","UEQ_pragmatic",FALSE,1.54466700139634e-14,226
"P301","UEQ_2",0.26459040977465,"Cognitive_value","UEQ_pragmatic",FALSE,5.63434179184726e-05,226
"P301","UEQ_3",0.506920784825887,"Cognitive_value","UEQ_pragmatic",FALSE,3.70508284063341e-16,226
"P301","UEQ_4",0.341783179422228,"Cognitive_value","UEQ_pragmatic",FALSE,1.37038545740322e-07,226
"P060","UEQ_1",0.458981564759994,"Cognitive_value","UEQ_pragmatic",FALSE,3.55581457724348e-13,226
"P060","UEQ_2",0.397996565752837,"Cognitive_value","UEQ_pragmatic",FALSE,5.35236496723682e-10,226
"P060","UEQ_3",0.416175908575917,"Cognitive_value","UEQ_pragmatic",FALSE,7.03120232649663e-11,226
"P060","UEQ_4",0.435216009446205,"Cognitive_value","UEQ_pragmatic",FALSE,7.33360098706765e-12,226
"P027","UEQ_1",0.497589362600973,"Cognitive_value","UEQ_pragmatic",FALSE,1.77459257794317e-15,225
"P027","UEQ_2",0.431048212949623,"Cognitive_value","UEQ_pragmatic",FALSE,1.35224462896812e-11,225
"P027","UEQ_3",0.526976573389942,"Cognitive_value","UEQ_pragmatic",FALSE,1.76746321723915e-17,225
"P027","UEQ_4",0.392475106601207,"Cognitive_value","UEQ_pragmatic",FALSE,1.05476902889167e-09,225
"P064","P106",0.176076185350552,"Cognitive_value","Visualization",FALSE,0.00840823323514954,223
"P064","P089",0.342405812753075,"Cognitive_value","Visualization",FALSE,1.38238650508367e-07,225
"P064","P098",0.378980170436209,"Cognitive_value","Visualization",FALSE,4.26409254933203e-09,225
"P064","P097",0.427115233250773,"Cognitive_value","Visualization",FALSE,2.16361259614432e-11,225
"P064","P067",0.436121447400506,"Cognitive_value","Visualization",FALSE,8.13930817964151e-12,224
"P060","P106",0.152805047727869,"Cognitive_value","Visualization",FALSE,0.0221589411557785,224
"P060","P089",0.388626036900287,"Cognitive_value","Visualization",FALSE,1.45386719823009e-09,226
"P060","P098",0.310177719064671,"Cognitive_value","Visualization",FALSE,1.98510492967596e-06,226
"P060","P097",0.434615079638574,"Cognitive_value","Visualization",FALSE,7.89310082010243e-12,226
"P060","P067",0.393758998991069,"Cognitive_value","Visualization",FALSE,9.20441664808996e-10,225
"P027","P106",0.463342747530293,"Cognitive_value","Visualization",FALSE,2.87576335579953e-13,223
"P027","P089",0.464371327015412,"Cognitive_value","Visualization",FALSE,1.9593039397561e-13,225
"P027","P098",0.466131451445145,"Cognitive_value","Visualization",FALSE,1.54633347156243e-13,225
"P027","P097",0.477083861751043,"Cognitive_value","Visualization",FALSE,3.43741299786888e-14,225
"P027","P067",0.408910360816133,"Cognitive_value","Visualization",FALSE,1.9366275495179e-10,224
"P088","P301",0.338500243306591,"Intuitiveness","Cognitive_value",FALSE,1.8348542341695e-07,226
"P026","P064",0.303739038388553,"Intuitiveness","Cognitive_value",FALSE,3.47030422423205e-06,225
"P026","P301",0.2168244333876,"Intuitiveness","Cognitive_value",FALSE,0.00103576957075753,226
"P026","P060",0.451866489285999,"Intuitiveness","Cognitive_value",FALSE,9.01959494451004e-13,226
"P026","P027",0.444497452578158,"Intuitiveness","Cognitive_value",FALSE,2.58720747040473e-12,225
"P088","P4026A",0.685448260817246,"Intuitiveness","Intuitiveness",TRUE,1.05161373911909e-32,226
"P026","P088",0.79505738693201,"Intuitiveness","Intuitiveness",TRUE,1.52900696119425e-50,226
"P026","P4026A",0.666713138385284,"Intuitiveness","Intuitiveness",TRUE,2.01408026790099e-30,226
"P088","SUS_1",0.474999592198391,"Intuitiveness","SUS",FALSE,4.03502813181872e-14,226
"P088","SUS_2",0.534580481435061,"Intuitiveness","SUS",FALSE,4.19834212712534e-18,226
"P088","SUS_3",0.532194864011948,"Intuitiveness","SUS",FALSE,6.28018052334751e-18,226
"P088","SUS_4",0.347473364818255,"Intuitiveness","SUS",FALSE,8.19694794499091e-08,226
"P088","SUS_5",0.354704252894762,"Intuitiveness","SUS",FALSE,4.20312398883647e-08,226
"P088","SUS_6",0.287305858506435,"Intuitiveness","SUS",FALSE,1.14359131174615e-05,226
"P088","SUS_7",0.589139886300578,"Intuitiveness","SUS",FALSE,1.6460915254947e-22,226
"P088","SUS_8",0.332933137348826,"Intuitiveness","SUS",FALSE,2.9869678821337e-07,226
"P088","SUS_9",0.681282942163106,"Intuitiveness","SUS",FALSE,3.49927020333237e-32,226
"P088","SUS_10",0.402572414175255,"Intuitiveness","SUS",FALSE,3.24820350586357e-10,226
"P026","SUS_1",0.38128787101347,"Intuitiveness","SUS",FALSE,3.11162714709868e-09,226
"P026","SUS_2",0.408946861635496,"Intuitiveness","SUS",FALSE,1.59932422365436e-10,226
"P026","SUS_3",0.462480124899929,"Intuitiveness","SUS",FALSE,2.23204781048649e-13,226
"P026","SUS_4",0.207206309227993,"Intuitiveness","SUS",FALSE,0.00173750154059948,226
"P026","SUS_5",0.236982830677289,"Intuitiveness","SUS",FALSE,0.000325373607260667,226
"P026","SUS_6",0.181676879817198,"Intuitiveness","SUS",FALSE,0.00616474027106128,226
"P026","SUS_7",0.545234274361803,"Intuitiveness","SUS",FALSE,6.68202721605696e-19,226
"P026","SUS_8",0.266228742803411,"Intuitiveness","SUS",FALSE,5.04571311051305e-05,226
"P026","SUS_9",0.484990750255439,"Intuitiveness","SUS",FALSE,9.79267088014712e-15,226
"P026","SUS_10",0.276538940552719,"Intuitiveness","SUS",FALSE,2.47833557506763e-05,226
"P4026A","SUS_1",0.410495118923985,"Intuitiveness","SUS",FALSE,1.34342404004597e-10,226
"P4026A","SUS_2",0.395770943582924,"Intuitiveness","SUS",FALSE,6.80541903906641e-10,226
"P4026A","SUS_3",0.426407631735127,"Intuitiveness","SUS",FALSE,2.12380666525981e-11,226
"P4026A","SUS_4",0.2474944215634,"Intuitiveness","SUS",FALSE,0.000170819846748731,226
"P4026A","SUS_5",0.373139538502162,"Intuitiveness","SUS",FALSE,7.08721446538101e-09,226
"P4026A","SUS_6",0.279401754161781,"Intuitiveness","SUS",FALSE,2.02396642953812e-05,226
"P4026A","SUS_7",0.441020125255476,"Intuitiveness","SUS",FALSE,3.57818902492555e-12,226
"P4026A","SUS_8",0.300349427679793,"Intuitiveness","SUS",FALSE,4.29069290392756e-06,226
"P4026A","SUS_9",0.521441805166291,"Intuitiveness","SUS",FALSE,3.71034271850662e-17,226
"P4026A","SUS_10",0.238949232759779,"Intuitiveness","SUS",FALSE,0.000289043037239148,226
"P088","UEQ_5",0.404763758660264,"Intuitiveness","UEQ_hedonic",FALSE,2.55032712584945e-10,226
"P088","UEQ_6",0.344952366689296,"Intuitiveness","UEQ_hedonic",FALSE,1.03058355788738e-07,226
"P088","UEQ_7",0.275807539870733,"Intuitiveness","UEQ_hedonic",FALSE,2.60900936341796e-05,226
"P088","UEQ_8",0.265935011779207,"Intuitiveness","UEQ_hedonic",FALSE,5.14679630045992e-05,226
"P026","UEQ_5",0.355352258155816,"Intuitiveness","UEQ_hedonic",FALSE,3.95566644407317e-08,226
"P026","UEQ_6",0.311925698715367,"Intuitiveness","UEQ_hedonic",FALSE,1.72572397729285e-06,226
"P026","UEQ_7",0.283598489439587,"Intuitiveness","UEQ_hedonic",FALSE,1.49794707665813e-05,226
"P026","UEQ_8",0.285840043328883,"Intuitiveness","UEQ_hedonic",FALSE,1.27296826040067e-05,226
"P4026A","UEQ_5",0.388014157304129,"Intuitiveness","UEQ_hedonic",FALSE,1.55021615586954e-09,226
"P4026A","UEQ_6",0.322180811098025,"Intuitiveness","UEQ_hedonic",FALSE,7.45253613562127e-07,226
"P4026A","UEQ_7",0.202273495626148,"Intuitiveness","UEQ_hedonic",FALSE,0.00224592963078426,226
"P4026A","UEQ_8",0.20386341697808,"Intuitiveness","UEQ_hedonic",FALSE,0.00206891658251238,226
"P088","UEQ_1",0.550405235206241,"Intuitiveness","UEQ_pragmatic",FALSE,2.67410389817814e-19,226
"P088","UEQ_2",0.734023233960246,"Intuitiveness","UEQ_pragmatic",FALSE,1.6429957067833e-39,226
"P088","UEQ_3",0.406332298206019,"Intuitiveness","UEQ_pragmatic",FALSE,2.14256354372802e-10,226
"P088","UEQ_4",0.74695513371246,"Intuitiveness","UEQ_pragmatic",FALSE,1.39703373901639e-41,226
"P026","UEQ_1",0.474077931243369,"Intuitiveness","UEQ_pragmatic",FALSE,4.58746317876586e-14,226
"P026","UEQ_2",0.607543829634137,"Intuitiveness","UEQ_pragmatic",FALSE,3.42274670556828e-24,226
"P026","UEQ_3",0.405237018517402,"Intuitiveness","UEQ_pragmatic",FALSE,2.41996199200985e-10,226
"P026","UEQ_4",0.637721494192706,"Intuitiveness","UEQ_pragmatic",FALSE,3.36196610802311e-27,226
"P4026A","UEQ_1",0.424312231691564,"Intuitiveness","UEQ_pragmatic",FALSE,2.72282599218303e-11,226
"P4026A","UEQ_2",0.495578919256621,"Intuitiveness","UEQ_pragmatic",FALSE,2.07486284489763e-15,226
"P4026A","UEQ_3",0.361290237268072,"Intuitiveness","UEQ_pragmatic",FALSE,2.25411826376348e-08,226
"P4026A","UEQ_4",0.582828767139715,"Intuitiveness","UEQ_pragmatic",FALSE,5.87407510290234e-22,226
"P088","P106",0.360379465769461,"Intuitiveness","Visualization",FALSE,2.83807223976321e-08,224
"P088","P089",0.507369042847164,"Intuitiveness","Visualization",FALSE,3.45663716967178e-16,226
"P088","P098",0.342641065059564,"Intuitiveness","Visualization",FALSE,1.26904505283094e-07,226
"P088","P097",0.299493052005293,"Intuitiveness","Visualization",FALSE,4.5827100593056e-06,226
"P026","P106",0.292840850714649,"Intuitiveness","Visualization",FALSE,8.33462908605233e-06,224
"P026","P089",0.46682158754748,"Intuitiveness","Visualization",FALSE,1.24313793353748e-13,226
"P026","P098",0.290473234146219,"Intuitiveness","Visualization",FALSE,9.05319741676386e-06,226
"P026","P097",0.315098263617832,"Intuitiveness","Visualization",FALSE,1.33537163369585e-06,226
"P026","P067",0.394512826138155,"Intuitiveness","Visualization",FALSE,8.49457907386103e-10,225
"SUS_1","SUS_2",0.320041639786479,"SUS","SUS",TRUE,8.90211503367548e-07,226
"SUS_1","SUS_3",0.411078393253132,"SUS","SUS",TRUE,1.25772340626567e-10,226
"SUS_1","SUS_4",0.24409259856989,"SUS","SUS",TRUE,0.000211079846061982,226
"SUS_1","SUS_5",0.420588773579154,"SUS","SUS",TRUE,4.21637675831763e-11,226
"SUS_1","SUS_6",0.279415860140892,"SUS","SUS",TRUE,2.02193644680724e-05,226
"SUS_1","SUS_7",0.391970046260806,"SUS","SUS",TRUE,1.02143566906499e-09,226
"SUS_1","SUS_8",0.228891721884363,"SUS","SUS",TRUE,0.000524206516382802,226
"SUS_1","SUS_9",0.606701373999373,"SUS","SUS",TRUE,4.10929903681736e-24,226
"SUS_1","SUS_10",0.186155542738694,"SUS","SUS",TRUE,0.00499127260589852,226
"SUS_2","SUS_3",0.335173974089765,"SUS","SUS",TRUE,2.4578051083276e-07,226
"SUS_2","SUS_4",0.511975087205015,"SUS","SUS",TRUE,1.6839634840624e-16,226
"SUS_2","SUS_5",0.39985328465389,"SUS","SUS",TRUE,4.3745386602e-10,226
"SUS_2","SUS_6",0.565951566558296,"SUS","SUS",TRUE,1.54530773609868e-20,226
"SUS_2","SUS_7",0.398305932870535,"SUS","SUS",TRUE,5.17589104113205e-10,226
"SUS_2","SUS_8",0.52295760050679,"SUS","SUS",TRUE,2.89946220328634e-17,226
"SUS_2","SUS_9",0.38447408181509,"SUS","SUS",TRUE,2.24131483606944e-09,226
"SUS_3","SUS_4",0.22154698514798,"SUS","SUS",TRUE,0.000796844520745677,226
"SUS_3","SUS_5",0.353931951613009,"SUS","SUS",TRUE,4.51754501188621e-08,226
"SUS_3","SUS_6",0.154137537675614,"SUS","SUS",TRUE,0.0204375159903045,226
"SUS_3","SUS_7",0.504060555964176,"SUS","SUS",TRUE,5.7557614504906e-16,226
"SUS_3","SUS_8",0.308490886298385,"SUS","SUS",TRUE,2.2703899640952e-06,226
"SUS_3","SUS_9",0.533077053352788,"SUS","SUS",TRUE,5.4132486061551e-18,226
"SUS_4","SUS_5",0.191778937920663,"SUS","SUS",TRUE,0.00380375957954591,226
"SUS_4","SUS_6",0.530815589860781,"SUS","SUS",TRUE,7.91519042063942e-18,226
"SUS_4","SUS_7",0.183628389840922,"SUS","SUS",TRUE,0.00562604379531652,226
"SUS_4","SUS_8",0.573822988905317,"SUS","SUS",TRUE,3.44242066637647e-21,226
"SUS_4","SUS_9",0.315831128894221,"SUS","SUS",TRUE,1.25803420482861e-06,226
"SUS_5","SUS_6",0.346587734205042,"SUS","SUS",TRUE,8.88550594907149e-08,226
"SUS_5","SUS_7",0.244373859466287,"SUS","SUS",TRUE,0.00020744205738254,226
"SUS_5","SUS_8",0.284689239182511,"SUS","SUS",TRUE,1.38413803207518e-05,226
"SUS_5","SUS_9",0.464154775669117,"SUS","SUS",TRUE,1.78271260138277e-13,226
"SUS_6","SUS_7",0.138745847700424,"SUS","SUS",TRUE,0.0371298737383022,226
"SUS_6","SUS_8",0.604473730363336,"SUS","SUS",TRUE,6.64610679767948e-24,226
"SUS_6","SUS_9",0.275747296211959,"SUS","SUS",TRUE,2.62005790581574e-05,226
"SUS_7","SUS_8",0.328230287896669,"SUS","SUS",TRUE,4.47486122407477e-07,226
"SUS_7","SUS_9",0.580721384520154,"SUS","SUS",TRUE,8.92823435179337e-22,226
"SUS_8","SUS_9",0.324122466597628,"SUS","SUS",TRUE,6.33469669751926e-07,226
"SUS_10","SUS_2",0.446056725075656,"SUS","SUS",TRUE,1.89840680048369e-12,226
"SUS_10","SUS_3",0.359720465789712,"SUS","SUS",TRUE,2.6183719963568e-08,226
"SUS_10","SUS_4",0.502508775712239,"SUS","SUS",TRUE,7.29703311065566e-16,226
"SUS_10","SUS_5",0.230007442182071,"SUS","SUS",TRUE,0.000491321203187865,226
"SUS_10","SUS_6",0.339593755891352,"SUS","SUS",TRUE,1.66548945310536e-07,226
"SUS_10","SUS_7",0.360652671500572,"SUS","SUS",TRUE,2.39574781518802e-08,226
"SUS_10","SUS_8",0.430565613455095,"SUS","SUS",TRUE,1.29058051689973e-11,226
"SUS_10","SUS_9",0.335690923856558,"SUS","SUS",TRUE,2.34917816837157e-07,226
"SUS_1","UEQ_5",0.446215289526853,"SUS","UEQ_hedonic",FALSE,1.86058396009639e-12,226
"SUS_1","UEQ_6",0.481929904692573,"SUS","UEQ_hedonic",FALSE,1.51852921111493e-14,226
"SUS_1","UEQ_7",0.336397690625002,"SUS","UEQ_hedonic",FALSE,2.20809600336499e-07,226
"SUS_1","UEQ_8",0.343220943991404,"SUS","UEQ_hedonic",FALSE,1.20466682107708e-07,226
"SUS_2","UEQ_5",0.286501465286479,"SUS","UEQ_hedonic",FALSE,1.21295973060474e-05,226
"SUS_2","UEQ_6",0.261105497705806,"SUS","UEQ_hedonic",FALSE,7.10793507475744e-05,226
"SUS_2","UEQ_7",0.169845445905107,"SUS","UEQ_hedonic",FALSE,0.01053398622507,226
"SUS_2","UEQ_8",0.154247479685158,"SUS","UEQ_hedonic",FALSE,0.0203467822788614,226
"SUS_3","UEQ_5",0.187321124957113,"SUS","UEQ_hedonic",FALSE,0.00472079776094797,226
"SUS_3","UEQ_6",0.224863860891708,"SUS","UEQ_hedonic",FALSE,0.000660631660706839,226
"SUS_3","UEQ_7",0.269482943883951,"SUS","UEQ_hedonic",FALSE,4.04401735405389e-05,226
"SUS_3","UEQ_8",0.264589627078007,"SUS","UEQ_hedonic",FALSE,5.63463784642295e-05,226
"SUS_4","UEQ_5",0.100973290098724,"SUS","UEQ_hedonic",FALSE,0.130174365019022,226
"SUS_4","UEQ_6",0.0900165530256414,"SUS","UEQ_hedonic",FALSE,0.177503788900969,226
"SUS_4","UEQ_7",-0.0192185709332804,"SUS","UEQ_hedonic",FALSE,0.773849751829261,226
"SUS_4","UEQ_8",-0.102325338926092,"SUS","UEQ_hedonic",FALSE,0.125082339532945,226
"SUS_5","UEQ_5",0.366262002520597,"SUS","UEQ_hedonic",FALSE,1.3951127966876e-08,226
"SUS_5","UEQ_6",0.26543029008542,"SUS","UEQ_hedonic",FALSE,5.32495417848919e-05,226
"SUS_5","UEQ_7",0.29698474113856,"SUS","UEQ_hedonic",FALSE,5.55077087240176e-06,226
"SUS_5","UEQ_8",0.266865270395323,"SUS","UEQ_hedonic",FALSE,4.83303943779165e-05,226
"SUS_6","UEQ_5",0.163274671062084,"SUS","UEQ_hedonic",FALSE,0.013992370476003,226
"SUS_6","UEQ_6",0.154142552780458,"SUS","UEQ_hedonic",FALSE,0.0204333694719608,226
"SUS_6","UEQ_7",0.0661583395697225,"SUS","UEQ_hedonic",FALSE,0.322101723956172,226
"SUS_6","UEQ_8",0.0132854647252948,"SUS","UEQ_hedonic",FALSE,0.84255562389385,226
"SUS_7","UEQ_5",0.286502114219348,"SUS","UEQ_hedonic",FALSE,1.21290219409276e-05,226
"SUS_7","UEQ_6",0.253066965525087,"SUS","UEQ_hedonic",FALSE,0.000119998699643302,226
"SUS_7","UEQ_7",0.262776506350982,"SUS","UEQ_hedonic",FALSE,6.36116710002658e-05,226
"SUS_7","UEQ_8",0.144367252148661,"SUS","UEQ_hedonic",FALSE,0.0300326316758529,226
"SUS_8","UEQ_5",0.109228149311116,"SUS","UEQ_hedonic",FALSE,0.101451337320622,226
"SUS_8","UEQ_6",0.114212168077617,"SUS","UEQ_hedonic",FALSE,0.08669883290086,226
"SUS_8","UEQ_7",0.120385068296115,"SUS","UEQ_hedonic",FALSE,0.0708677680436317,226
"SUS_8","UEQ_8",-0.0591823479590148,"SUS","UEQ_hedonic",FALSE,0.375860731621698,226
"SUS_9","UEQ_5",0.368368343685095,"SUS","UEQ_hedonic",FALSE,1.13568532554069e-08,226
"SUS_9","UEQ_6",0.357499142550952,"SUS","UEQ_hedonic",FALSE,3.23213464382481e-08,226
"SUS_9","UEQ_7",0.314653747619914,"SUS","UEQ_hedonic",FALSE,1.38447132528832e-06,226
"SUS_9","UEQ_8",0.272786068027311,"SUS","UEQ_hedonic",FALSE,3.22101681254654e-05,226
"SUS_10","UEQ_5",0.202104955969517,"SUS","UEQ_hedonic",FALSE,0.00226548001650793,226
"SUS_10","UEQ_6",0.219265235191242,"SUS","UEQ_hedonic",FALSE,0.000905100808581092,226
"SUS_10","UEQ_7",0.161894039950836,"SUS","UEQ_hedonic",FALSE,0.0148342919504621,226
"SUS_10","UEQ_8",0.0802204916559418,"SUS","UEQ_hedonic",FALSE,0.229662740202399,226
"SUS_1","UEQ_1",0.576870919266031,"SUS","UEQ_pragmatic",FALSE,1.90375475884335e-21,226
"SUS_1","UEQ_2",0.390835966751763,"SUS","UEQ_pragmatic",FALSE,1.1518555264259e-09,226
"SUS_1","UEQ_3",0.608162440383426,"SUS","UEQ_pragmatic",FALSE,2.99175644100981e-24,226
"SUS_1","UEQ_4",0.447885547979794,"SUS","UEQ_pragmatic",FALSE,1.50421553290423e-12,226
"SUS_2","UEQ_1",0.301375720213468,"SUS","UEQ_pragmatic",FALSE,3.96404605999891e-06,226
"SUS_2","UEQ_2",0.478315144469945,"SUS","UEQ_pragmatic",FALSE,2.53507861306569e-14,226
"SUS_2","UEQ_3",0.30673964581219,"SUS","UEQ_pragmatic",FALSE,2.60773406043182e-06,226
"SUS_2","UEQ_4",0.53853833622456,"SUS","UEQ_pragmatic",FALSE,2.13723748673338e-18,226
"SUS_3","UEQ_1",0.450069681533235,"SUS","UEQ_pragmatic",FALSE,1.13710335500896e-12,226
"SUS_3","UEQ_2",0.60338263760717,"SUS","UEQ_pragmatic",FALSE,8.39924933965949e-24,226
"SUS_3","UEQ_3",0.363505134038182,"SUS","UEQ_pragmatic",FALSE,1.82216747699852e-08,226
"SUS_3","UEQ_4",0.552762907730644,"SUS","UEQ_pragmatic",FALSE,1.75202571390995e-19,226
"SUS_4","UEQ_1",0.12114623966514,"SUS","UEQ_pragmatic",FALSE,0.0690901968130607,226
"SUS_4","UEQ_2",0.281143196331362,"SUS","UEQ_pragmatic",FALSE,1.78740120324809e-05,226
"SUS_4","UEQ_3",0.13572208748375,"SUS","UEQ_pragmatic",FALSE,0.0415021233700499,226
"SUS_4","UEQ_4",0.292681030536231,"SUS","UEQ_pragmatic",FALSE,7.67982497109956e-06,226
"SUS_5","UEQ_1",0.311223540954653,"SUS","UEQ_pragmatic",FALSE,1.8257700681309e-06,226
"SUS_5","UEQ_2",0.290808118854499,"SUS","UEQ_pragmatic",FALSE,8.83084846792761e-06,226
"SUS_5","UEQ_3",0.392663004561169,"SUS","UEQ_pragmatic",FALSE,9.4891107924027e-10,226
"SUS_5","UEQ_4",0.357985929036944,"SUS","UEQ_pragmatic",FALSE,3.08678871174032e-08,226
"SUS_6","UEQ_1",0.294443274085381,"SUS","UEQ_pragmatic",FALSE,6.72809315328928e-06,226
"SUS_6","UEQ_2",0.230385429612199,"SUS","UEQ_pragmatic",FALSE,0.000480620804034657,226
"SUS_6","UEQ_3",0.349883275965827,"SUS","UEQ_pragmatic",FALSE,6.57328355213333e-08,226
"SUS_6","UEQ_4",0.242748642478297,"SUS","UEQ_pragmatic",FALSE,0.000229298588888042,226
"SUS_7","UEQ_1",0.455520908443757,"SUS","UEQ_pragmatic",FALSE,5.60698490410429e-13,226
"SUS_7","UEQ_2",0.681770171911088,"SUS","UEQ_pragmatic",FALSE,3.04334564033704e-32,226
"SUS_7","UEQ_3",0.371751314407505,"SUS","UEQ_pragmatic",FALSE,8.135836898061e-09,226
"SUS_7","UEQ_4",0.649142567291529,"SUS","UEQ_pragmatic",FALSE,1.99042595661337e-28,226
"SUS_8","UEQ_1",0.249373431764713,"SUS","UEQ_pragmatic",FALSE,0.000151780804553519,226
"SUS_8","UEQ_2",0.31126559726318,"SUS","UEQ_pragmatic",FALSE,1.81962508492897e-06,226
"SUS_8","UEQ_3",0.199807811651676,"SUS","UEQ_pragmatic",FALSE,0.00254783606801484,226
"SUS_8","UEQ_4",0.324318338029996,"SUS","UEQ_pragmatic",FALSE,6.23129952135764e-07,226
"SUS_9","UEQ_1",0.516133922161928,"SUS","UEQ_pragmatic",FALSE,8.71474835847642e-17,226
"SUS_9","UEQ_2",0.574279461162655,"SUS","UEQ_pragmatic",FALSE,3.15142293217703e-21,226
"SUS_9","UEQ_3",0.404949281850962,"SUS","UEQ_pragmatic",FALSE,2.49843041354355e-10,226
"SUS_9","UEQ_4",0.601209253849072,"SUS","UEQ_pragmatic",FALSE,1.33539103054136e-23,226
"SUS_10","UEQ_1",0.245749693801477,"SUS","UEQ_pragmatic",FALSE,0.000190474937701033,226
"SUS_10","UEQ_2",0.483390221554761,"SUS","UEQ_pragmatic",FALSE,1.2324315170181e-14,226
"SUS_10","UEQ_3",0.112569582597545,"SUS","UEQ_pragmatic",FALSE,0.0913578216832609,226
"SUS_10","UEQ_4",0.462434618509506,"SUS","UEQ_pragmatic",FALSE,2.24568492256452e-13,226
"UEQ_5","UEQ_6",0.76965743143605,"UEQ_hedonic","UEQ_hedonic",TRUE,1.54249308947744e-45,226
"UEQ_5","UEQ_7",0.52259728699486,"UEQ_hedonic","UEQ_hedonic",TRUE,3.07484611043466e-17,226
"UEQ_5","UEQ_8",0.535894708159664,"UEQ_hedonic","UEQ_hedonic",TRUE,3.35843799029554e-18,226
"UEQ_6","UEQ_7",0.558808697909723,"UEQ_hedonic","UEQ_hedonic",TRUE,5.83373714244018e-20,226
"UEQ_6","UEQ_8",0.566239514008738,"UEQ_hedonic","UEQ_hedonic",TRUE,1.46374051349305e-20,226
"UEQ_7","UEQ_8",0.699903704419431,"UEQ_hedonic","UEQ_hedonic",TRUE,1.38047688917414e-34,226
"UEQ_1","UEQ_5",0.536358395846488,"UEQ_pragmatic","UEQ_hedonic",FALSE,3.10337119307011e-18,226
"UEQ_1","UEQ_6",0.501804278974926,"UEQ_pragmatic","UEQ_hedonic",FALSE,8.12372214935508e-16,226
"UEQ_1","UEQ_7",0.347709104962312,"UEQ_pragmatic","UEQ_hedonic",FALSE,8.02249656156509e-08,226
"UEQ_1","UEQ_8",0.30732243370793,"UEQ_pragmatic","UEQ_hedonic",FALSE,2.49049084098439e-06,226
"UEQ_2","UEQ_5",0.40625042554293,"UEQ_pragmatic","UEQ_hedonic",FALSE,2.16218461813861e-10,226
"UEQ_2","UEQ_6",0.349985339482841,"UEQ_pragmatic","UEQ_hedonic",FALSE,6.51184964606614e-08,226
"UEQ_2","UEQ_7",0.322135726648426,"UEQ_pragmatic","UEQ_hedonic",FALSE,7.48061052963485e-07,226
"UEQ_2","UEQ_8",0.281144229489872,"UEQ_pragmatic","UEQ_hedonic",FALSE,1.78726895862894e-05,226
"UEQ_3","UEQ_5",0.469638650751851,"UEQ_pragmatic","UEQ_hedonic",FALSE,8.46552024978814e-14,226
"UEQ_3","UEQ_6",0.441437402316153,"UEQ_pragmatic","UEQ_hedonic",FALSE,3.39647765672786e-12,226
"UEQ_3","UEQ_7",0.392443275277856,"UEQ_pragmatic","UEQ_hedonic",FALSE,9.71350097830002e-10,226
"UEQ_3","UEQ_8",0.374734656456739,"UEQ_pragmatic","UEQ_hedonic",FALSE,6.043215121474e-09,226
"UEQ_4","UEQ_5",0.459521119158119,"UEQ_pragmatic","UEQ_hedonic",FALSE,3.31054905105013e-13,226
"UEQ_4","UEQ_6",0.43913811687839,"UEQ_pragmatic","UEQ_hedonic",FALSE,4.52238047054527e-12,226
"UEQ_4","UEQ_7",0.39295373806703,"UEQ_pragmatic","UEQ_hedonic",FALSE,9.19991423236703e-10,226
"UEQ_4","UEQ_8",0.301186978151411,"UEQ_pragmatic","UEQ_hedonic",FALSE,4.0222851310357e-06,226
"UEQ_1","UEQ_2",0.595830126583865,"UEQ_pragmatic","UEQ_pragmatic",TRUE,4.14430269109973e-23,226
"UEQ_1","UEQ_3",0.603874407003236,"UEQ_pragmatic","UEQ_pragmatic",TRUE,7.55898351950142e-24,226
"UEQ_1","UEQ_4",0.592077083935597,"UEQ_pragmatic","UEQ_pragmatic",TRUE,9.0196212262323e-23,226
"UEQ_2","UEQ_3",0.4857597030533,"UEQ_pragmatic","UEQ_pragmatic",TRUE,8.76472880582347e-15,226
"UEQ_2","UEQ_4",0.787992118729129,"UEQ_pragmatic","UEQ_pragmatic",TRUE,4.41586664048831e-49,226
"UEQ_3","UEQ_4",0.527082301427332,"UEQ_pragmatic","UEQ_pragmatic",TRUE,1.47288761769623e-17,226
"P106","P301",0.439932213956705,"Visualization","Cognitive_value",FALSE,5.10299480425597e-12,224
"P089","P301",0.361116443832437,"Visualization","Cognitive_value",FALSE,2.29190362088762e-08,226
"P098","P301",0.552639496835623,"Visualization","Cognitive_value",FALSE,1.79138481230948e-19,226
"P097","P301",0.483580722479847,"Visualization","Cognitive_value",FALSE,1.19923464506593e-14,226
"P022A","P064",0.277014795768733,"Visualization","Cognitive_value",FALSE,2.49937411141629e-05,225
"P022A","P301",0.333688419551603,"Visualization","Cognitive_value",FALSE,2.79745341426679e-07,226
"P022A","P060",0.289325302064854,"Visualization","Cognitive_value",FALSE,9.85638210147829e-06,226
"P022A","P027",0.374001433101518,"Visualization","Cognitive_value",FALSE,7.02699364063984e-09,225
"P067","P301",0.281302834790068,"Visualization","Cognitive_value",FALSE,1.84520805143235e-05,225
"P106","P4026A",0.2878498310471,"Visualization","Intuitiveness",FALSE,1.20304511269409e-05,224
"P089","P4026A",0.410910867997755,"Visualization","Intuitiveness",FALSE,1.28177909775072e-10,226
"P098","P4026A",0.247892120907324,"Visualization","Intuitiveness",FALSE,0.000166613047466715,226
"P097","P4026A",0.376060602693238,"Visualization","Intuitiveness",FALSE,5.28997304252991e-09,226
"P022A","P088",0.462238079553023,"Visualization","Intuitiveness",FALSE,2.30552226564869e-13,226
"P022A","P026",0.44004789381051,"Visualization","Intuitiveness",FALSE,4.03906481211132e-12,226
"P022A","P4026A",0.454396121436098,"Visualization","Intuitiveness",FALSE,6.49436573883104e-13,226
"P067","P088",0.358252998289118,"Visualization","Intuitiveness",FALSE,3.2305446480157e-08,225
"P067","P4026A",0.350829394408037,"Visualization","Intuitiveness",FALSE,6.44704747545955e-08,225
"P106","SUS_1",0.30671271812298,"Visualization","SUS",FALSE,2.89665591026104e-06,224
"P106","SUS_2",0.275010105414742,"Visualization","SUS",FALSE,2.99683442990367e-05,224
"P106","SUS_3",0.261058993841427,"Visualization","SUS",FALSE,7.68234426280279e-05,224
"P106","SUS_4",0.313477783000421,"Visualization","SUS",FALSE,1.69582552903805e-06,224
"P106","SUS_5",0.353135950024869,"Visualization","SUS",FALSE,5.58200522407662e-08,224
"P106","SUS_6",0.430923233006445,"Visualization","SUS",FALSE,1.52450181867152e-11,224
"P106","SUS_7",0.150083296370466,"Visualization","SUS",FALSE,0.0246775684377438,224
"P106","SUS_8",0.318198669432014,"Visualization","SUS",FALSE,1.1579602894593e-06,224
"P106","SUS_9",0.307754336943015,"Visualization","SUS",FALSE,2.6697508396306e-06,224
"P106","SUS_10",0.185195785030983,"Visualization","SUS",FALSE,0.00543018260508569,224
"P089","SUS_1",0.326090116025681,"Visualization","SUS",FALSE,5.36660077018859e-07,226
"P089","SUS_2",0.312218935167911,"Visualization","SUS",FALSE,1.68551083023031e-06,226
"P089","SUS_3",0.289741258726821,"Visualization","SUS",FALSE,9.55783655202254e-06,226
"P089","SUS_4",0.215199942199973,"Visualization","SUS",FALSE,0.00113211893926252,226
"P089","SUS_5",0.310451786308519,"Visualization","SUS",FALSE,1.94211240622158e-06,226
"P089","SUS_6",0.184654249170322,"Visualization","SUS",FALSE,0.00536012609519136,226
"P089","SUS_7",0.272758094336344,"Visualization","SUS",FALSE,3.22726969970334e-05,226
"P089","SUS_8",0.136113198481365,"Visualization","SUS",FALSE,0.0409132777511797,226
"P089","SUS_9",0.400242210915272,"Visualization","SUS",FALSE,4.19286805830018e-10,226
"P089","SUS_10",0.238583233493301,"Visualization","SUS",FALSE,0.000295505355658613,226
"P098","SUS_1",0.341702259350428,"Visualization","SUS",FALSE,1.38033590088651e-07,226
"P098","SUS_2",0.221256278241823,"Visualization","SUS",FALSE,0.000809940221822615,226
"P098","SUS_3",0.338040359248473,"Visualization","SUS",FALSE,1.91091660126737e-07,226
"P098","SUS_4",0.256401336813428,"Visualization","SUS",FALSE,9.67680869371914e-05,226
"P098","SUS_5",0.267496377330468,"Visualization","SUS",FALSE,4.63053195684092e-05,226
"P098","SUS_6",0.291863126201911,"Visualization","SUS",FALSE,8.1637650473128e-06,226
"P098","SUS_7",0.11271015306521,"Visualization","SUS",FALSE,0.0909514471955685,226
"P098","SUS_8",0.22528141023309,"Visualization","SUS",FALSE,0.000645099570091042,226
"P098","SUS_9",0.208188168928953,"Visualization","SUS",FALSE,0.0016498154221976,226
"P098","SUS_10",0.189119442942908,"Visualization","SUS",FALSE,0.0043292870329538,226
"P097","SUS_1",0.482787311743574,"Visualization","SUS",FALSE,1.34352362631418e-14,226
"P097","SUS_2",0.147293261746836,"Visualization","SUS",FALSE,0.0268208644564708,226
"P097","SUS_3",0.256972786440708,"Visualization","SUS",FALSE,9.32374869051792e-05,226
"P097","SUS_4",0.240901867521808,"Visualization","SUS",FALSE,0.000256732366070518,226
"P097","SUS_5",0.332229637574112,"Visualization","SUS",FALSE,3.17451939410585e-07,226
"P097","SUS_6",0.233775740710209,"Visualization","SUS",FALSE,0.000393852787989818,226
"P097","SUS_7",0.192025093335077,"Visualization","SUS",FALSE,0.00375815601795212,226
"P097","SUS_8",0.0729588089225231,"Visualization","SUS",FALSE,0.274751492684003,226
"P097","SUS_9",0.341275440565595,"Visualization","SUS",FALSE,1.43397955444428e-07,226
"P097","SUS_10",0.0381674485525283,"Visualization","SUS",FALSE,0.568129171324437,226
"P022A","SUS_1",0.413171414868574,"Visualization","SUS",FALSE,9.9174706070341e-11,226
"P022A","SUS_2",0.296056715849356,"Visualization","SUS",FALSE,5.95593526679795e-06,226
"P022A","SUS_3",0.218101333391074,"Visualization","SUS",FALSE,0.000965391161385651,226
"P022A","SUS_4",0.230399910872332,"Visualization","SUS",FALSE,0.000480215182481131,226
"P022A","SUS_5",0.273811458020569,"Visualization","SUS",FALSE,2.99954677295145e-05,226
"P022A","SUS_6",0.280610847593361,"Visualization","SUS",FALSE,1.85678759902187e-05,226
"P022A","SUS_7",0.231732042639583,"Visualization","SUS",FALSE,0.000444229678974584,226
"P022A","SUS_8",0.23085712754295,"Visualization","SUS",FALSE,0.000467570408518292,226
"P022A","SUS_9",0.429682134545736,"Visualization","SUS",FALSE,1.43548143870032e-11,226
"P022A","SUS_10",0.101254521347149,"Visualization","SUS",FALSE,0.129102252719951,226
"P067","SUS_1",0.291409172878285,"Visualization","SUS",FALSE,8.84604264719791e-06,225
"P067","SUS_2",0.276939750488466,"Visualization","SUS",FALSE,2.51257064367067e-05,225
"P067","SUS_3",0.36495606738407,"Visualization","SUS",FALSE,1.70468607416383e-08,225
"P067","SUS_4",0.237542248171718,"Visualization","SUS",FALSE,0.000324542093002781,225
"P067","SUS_5",0.312003262363989,"Visualization","SUS",FALSE,1.80886424067628e-06,225
"P067","SUS_6",0.169072127322478,"Visualization","SUS",FALSE,0.0110766727636941,225
"P067","SUS_7",0.305087047318651,"Visualization","SUS",FALSE,3.12462388878244e-06,225
"P067","SUS_8",0.188983376018739,"Visualization","SUS",FALSE,0.00444616663659105,225
"P067","SUS_9",0.335469343120091,"Visualization","SUS",FALSE,2.54783881276614e-07,225
"P067","SUS_10",0.167340797988127,"Visualization","SUS",FALSE,0.0119410141135196,225
"P106","UEQ_5",0.0543017379762641,"Visualization","UEQ_hedonic",FALSE,0.418650907016216,224
"P106","UEQ_6",0.137508665998511,"Visualization","UEQ_hedonic",FALSE,0.0397530924659118,224
"P106","UEQ_7",-0.0192952822422581,"Visualization","UEQ_hedonic",FALSE,0.773961939262061,224
"P106","UEQ_8",0.0586085016970149,"Visualization","UEQ_hedonic",FALSE,0.382654953544845,224
"P089","UEQ_5",0.256964616589261,"Visualization","UEQ_hedonic",FALSE,9.32871001910996e-05,226
"P089","UEQ_6",0.344083898811138,"Visualization","UEQ_hedonic",FALSE,1.11463921409653e-07,226
"P089","UEQ_7",0.156415089598255,"Visualization","UEQ_hedonic",FALSE,0.0186278332605288,226
"P089","UEQ_8",0.16057712248944,"Visualization","UEQ_hedonic",FALSE,0.0156783450892537,226
"P098","UEQ_5",0.211461943422807,"Visualization","UEQ_hedonic",FALSE,0.00138586260988984,226
"P098","UEQ_6",0.225649064172266,"Visualization","UEQ_hedonic",FALSE,0.000631703517251773,226
"P098","UEQ_7",0.16141051496865,"Visualization","UEQ_hedonic",FALSE,0.015139460961506,226
"P098","UEQ_8",0.23134319021165,"Visualization","UEQ_hedonic",FALSE,0.000454466716584966,226
"P097","UEQ_5",0.297477374298216,"Visualization","UEQ_hedonic",FALSE,5.34648260205545e-06,226
"P097","UEQ_6",0.337297983830186,"Visualization","UEQ_hedonic",FALSE,2.04012792926867e-07,226
"P097","UEQ_7",0.152040893382697,"Visualization","UEQ_hedonic",FALSE,0.0222361598009549,226
"P097","UEQ_8",0.181983290666153,"Visualization","UEQ_hedonic",FALSE,0.00607721674722934,226
"P022A","UEQ_5",0.230161731325149,"Visualization","UEQ_hedonic",FALSE,0.000486927073707209,226
"P022A","UEQ_6",0.219948399519295,"Visualization","UEQ_hedonic",FALSE,0.000871347063522804,226
"P022A","UEQ_7",0.0836689482440716,"Visualization","UEQ_hedonic",FALSE,0.210189825289695,226
"P022A","UEQ_8",0.0334169193882388,"Visualization","UEQ_hedonic",FALSE,0.617271979099599,226
"P067","UEQ_5",0.304574972163888,"Visualization","UEQ_hedonic",FALSE,3.25188598592417e-06,225
"P067","UEQ_6",0.360018303978187,"Visualization","UEQ_hedonic",FALSE,2.73387177860132e-08,225
"P067","UEQ_7",0.272061554416191,"Visualization","UEQ_hedonic",FALSE,3.52663389651025e-05,225
"P067","UEQ_8",0.265276798041917,"Visualization","UEQ_hedonic",FALSE,5.59151858839867e-05,225
"P106","UEQ_1",0.386251042234611,"Visualization","UEQ_pragmatic",FALSE,2.19986248132966e-09,224
"P106","UEQ_2",0.24197300629872,"Visualization","UEQ_pragmatic",FALSE,0.000256446553492247,224
"P106","UEQ_3",0.339295785065233,"Visualization","UEQ_pragmatic",FALSE,1.94072688280557e-07,224
"P106","UEQ_4",0.227821197510124,"Visualization","UEQ_pragmatic",FALSE,0.00059051548109115,224
"P089","UEQ_1",0.430475382515499,"Visualization","UEQ_pragmatic",FALSE,1.30470098187587e-11,226
"P089","UEQ_2",0.367279101170944,"Visualization","UEQ_pragmatic",FALSE,1.26340928854019e-08,226
"P089","UEQ_3",0.363565809254944,"Visualization","UEQ_pragmatic",FALSE,1.81153822189261e-08,226
"P089","UEQ_4",0.456358650601851,"Visualization","UEQ_pragmatic",FALSE,5.02404414804192e-13,226
"P098","UEQ_1",0.45550283427423,"Visualization","UEQ_pragmatic",FALSE,5.62026191728378e-13,226
"P098","UEQ_2",0.258317592022533,"Visualization","UEQ_pragmatic",FALSE,8.53998490348621e-05,226
"P098","UEQ_3",0.401014899386636,"Visualization","UEQ_pragmatic",FALSE,3.85338910398778e-10,226
"P098","UEQ_4",0.185213157255956,"Visualization","UEQ_pragmatic",FALSE,0.00522004348866684,226
"P097","UEQ_1",0.40759490286169,"Visualization","UEQ_pragmatic",FALSE,1.86098357174798e-10,226
"P097","UEQ_2",0.22755838860096,"Visualization","UEQ_pragmatic",FALSE,0.000566174617866159,226
"P097","UEQ_3",0.476069302130311,"Visualization","UEQ_pragmatic",FALSE,3.47503468541516e-14,226
"P097","UEQ_4",0.202649562632348,"Visualization","UEQ_pragmatic",FALSE,0.00220285873228857,226
"P022A","UEQ_1",0.374747097571463,"Visualization","UEQ_pragmatic",FALSE,6.03568821099494e-09,226
"P022A","UEQ_2",0.296341537835457,"Visualization","UEQ_pragmatic",FALSE,5.82868771047856e-06,226
"P022A","UEQ_3",0.33745068375882,"Visualization","UEQ_pragmatic",FALSE,2.01288345018395e-07,226
"P022A","UEQ_4",0.282394762707546,"Visualization","UEQ_pragmatic",FALSE,1.63381199687874e-05,226
"P067","UEQ_1",0.394406418980293,"Visualization","UEQ_pragmatic",FALSE,8.59146231879137e-10,225
"P067","UEQ_2",0.360602036786512,"Visualization","UEQ_pragmatic",FALSE,2.58647566649443e-08,225
"P067","UEQ_3",0.373934691182382,"Visualization","UEQ_pragmatic",FALSE,7.07380331507504e-09,225
"P067","UEQ_4",0.381045496428145,"Visualization","UEQ_pragmatic",FALSE,3.45744347052859e-09,225
"P089","P106",0.355541964681118,"Visualization","Visualization",TRUE,4.46709750065365e-08,224
"P089","P098",0.470656255056481,"Visualization","Visualization",TRUE,7.36206771613166e-14,226
"P089","P097",0.423490422921516,"Visualization","Visualization",TRUE,3.00011178887868e-11,226
"P098","P106",0.585484377222138,"Visualization","Visualization",TRUE,5.27395342779888e-22,224
"P097","P106",0.52047868523657,"Visualization","Visualization",TRUE,5.974425971174e-17,224
"P097","P098",0.43349713115032,"Visualization","Visualization",TRUE,9.04654823080353e-12,226
"P022A","P106",0.431857861797029,"Visualization","Visualization",TRUE,1.36290994420997e-11,224
"P022A","P089",0.604928697095222,"Visualization","Visualization",TRUE,6.02637124581061e-24,226
"P022A","P098",0.417797275887836,"Visualization","Visualization",TRUE,5.83182675782851e-11,226
"P022A","P097",0.513597928857109,"Visualization","Visualization",TRUE,1.30366160771422e-16,226
"P022A","P067",0.336069660418909,"Visualization","Visualization",TRUE,2.41794389360701e-07,225
"P067","P106",0.328917326600241,"Visualization","Visualization",TRUE,5.04248459658125e-07,223
"P067","P089",0.502845865997088,"Visualization","Visualization",TRUE,8.03618085670407e-16,225
"P067","P098",0.365864116319972,"Visualization","Visualization",TRUE,1.56149785421516e-08,225
"P067","P097",0.430017780958161,"Visualization","Visualization",TRUE,1.53034775309328e-11,225
